bucket_start_utc,bucket_start_sast,bucket_end_sast,status,colour,observed_at_utc,nominal_block_seconds,quality
2026-09-14T18:50:00+00:00,2026-09-14T20:50:00+02:00,2026-09-14T20:55:00+02:00,down,#dc3545,2026-09-14T22:50:25+00:00,300,approximate-nominal-axis
2026-09-14T18:55:00+00:00,2026-09-14T20:55:00+02:00,2026-09-14T21:00:00+02:00,down,#dc3545,2026-09-14T22:50:25+00:00,300,approximate-nominal-axis
2026-09-14T19:00:00+00:00,2026-09-14T21:00:00+02:00,2026-09-14T21:05:00+02:00,down,#dc3545,2026-09-14T22:50:25+00:00,300,approximate-nominal-axis
2026-09-14T19:05:00+00:00,2026-09-14T21:05:00+02:00,2026-09-14T21:10:00+02:00,down,#dc3545,2026-09-14T22:50:25+00:00,300,approximate-nominal-axis
2026-09-14T19:10:00+00:00,2026-09-14T21:10:00+02:00,2026-09-14T21:15:00+02:00,down,#dc3545,2026-09-14T22:50:25+00:00,300,approximate-nominal-axis
2026-09-14T19:15:00+00:00,2026-09-14T21:15:00+02:00,2026-09-14T21:20:00+02:00,down,#dc3545,2026-09-14T23:16:53+00:00,300,approximate-nominal-axis
2026-09-14T19:20:00+00:00,2026-09-14T21:20:00+02:00,2026-09-14T21:25:00+02:00,down,#dc3545,2026-09-14T23:16:53+00:00,300,approximate-nominal-axis
2026-09-14T19:25:00+00:00,2026-09-14T21:25:00+02:00,2026-09-14T21:30:00+02:00,down,#dc3545,2026-09-14T23:16:53+00:00,300,approximate-nominal-axis
2026-09-14T19:30:00+00:00,2026-09-14T21:30:00+02:00,2026-09-14T21:35:00+02:00,down,#dc3545,2026-09-14T23:16:53+00:00,300,approximate-nominal-axis
2026-09-14T19:35:00+00:00,2026-09-14T21:35:00+02:00,2026-09-14T21:40:00+02:00,down,#dc3545,2026-09-14T23:16:53+00:00,300,approximate-nominal-axis
2026-09-14T19:40:00+00:00,2026-09-14T21:40:00+02:00,2026-09-14T21:45:00+02:00,down,#dc3545,2026-09-14T23:16:53+00:00,300,approximate-nominal-axis
2026-09-14T19:45:00+00:00,2026-09-14T21:45:00+02:00,2026-09-14T21:50:00+02:00,down,#dc3545,2026-09-14T23:16:53+00:00,300,approximate-nominal-axis
2026-09-14T19:50:00+00:00,2026-09-14T21:50:00+02:00,2026-09-14T21:55:00+02:00,down,#dc3545,2026-09-14T23:16:53+00:00,300,approximate-nominal-axis
2026-09-14T19:55:00+00:00,2026-09-14T21:55:00+02:00,2026-09-14T22:00:00+02:00,down,#dc3545,2026-09-14T23:16:53+00:00,300,approximate-nominal-axis
2026-09-14T20:00:00+00:00,2026-09-14T22:00:00+02:00,2026-09-14T22:05:00+02:00,down,#dc3545,2026-09-14T23:16:53+00:00,300,approximate-nominal-axis
2026-09-14T20:05:00+00:00,2026-09-14T22:05:00+02:00,2026-09-14T22:10:00+02:00,down,#dc3545,2026-09-14T23:16:53+00:00,300,approximate-nominal-axis
2026-09-14T20:10:00+00:00,2026-09-14T22:10:00+02:00,2026-09-14T22:15:00+02:00,down,#dc3545,2026-09-14T23:16:53+00:00,300,approximate-nominal-axis
2026-09-14T20:15:00+00:00,2026-09-14T22:15:00+02:00,2026-09-14T22:20:00+02:00,down,#dc3545,2026-09-14T23:16:53+00:00,300,approximate-nominal-axis
2026-09-14T20:20:00+00:00,2026-09-14T22:20:00+02:00,2026-09-14T22:25:00+02:00,up,#52d273,2026-09-14T23:16:53+00:00,300,approximate-nominal-axis
2026-09-14T20:25:00+00:00,2026-09-14T22:25:00+02:00,2026-09-14T22:30:00+02:00,up,#52d273,2026-09-14T23:16:53+00:00,300,approximate-nominal-axis
2026-09-14T20:30:00+00:00,2026-09-14T22:30:00+02:00,2026-09-14T22:35:00+02:00,up,#52d273,2026-09-14T23:16:53+00:00,300,approximate-nominal-axis
2026-09-14T20:35:00+00:00,2026-09-14T22:35:00+02:00,2026-09-14T22:40:00+02:00,up,#52d273,2026-09-14T23:16:53+00:00,300,approximate-nominal-axis
2026-09-14T20:40:00+00:00,2026-09-14T22:40:00+02:00,2026-09-14T22:45:00+02:00,up,#52d273,2026-09-14T23:16:53+00:00,300,approximate-nominal-axis
2026-09-14T20:45:00+00:00,2026-09-14T22:45:00+02:00,2026-09-14T22:50:00+02:00,up,#52d273,2026-09-14T23:16:53+00:00,300,approximate-nominal-axis
2026-09-14T20:50:00+00:00,2026-09-14T22:50:00+02:00,2026-09-14T22:55:00+02:00,up,#52d273,2026-09-14T23:16:53+00:00,300,approximate-nominal-axis
2026-09-14T20:55:00+00:00,2026-09-14T22:55:00+02:00,2026-09-14T23:00:00+02:00,up,#52d273,2026-09-14T23:16:53+00:00,300,approximate-nominal-axis
2026-09-14T21:00:00+00:00,2026-09-14T23:00:00+02:00,2026-09-14T23:05:00+02:00,up,#52d273,2026-09-14T23:16:53+00:00,300,approximate-nominal-axis
2026-09-14T21:05:00+00:00,2026-09-14T23:05:00+02:00,2026-09-14T23:10:00+02:00,up,#52d273,2026-09-14T23:16:53+00:00,300,approximate-nominal-axis
2026-09-14T21:10:00+00:00,2026-09-14T23:10:00+02:00,2026-09-14T23:15:00+02:00,up,#52d273,2026-09-14T23:16:53+00:00,300,approximate-nominal-axis
2026-09-14T21:15:00+00:00,2026-09-14T23:15:00+02:00,2026-09-14T23:20:00+02:00,up,#52d273,2026-09-14T23:16:53+00:00,300,approximate-nominal-axis
2026-09-14T21:20:00+00:00,2026-09-14T23:20:00+02:00,2026-09-14T23:25:00+02:00,up,#52d273,2026-09-14T23:16:53+00:00,300,approximate-nominal-axis
2026-09-14T21:25:00+00:00,2026-09-14T23:25:00+02:00,2026-09-14T23:30:00+02:00,up,#52d273,2026-09-14T23:16:53+00:00,300,approximate-nominal-axis
2026-09-14T21:30:00+00:00,2026-09-14T23:30:00+02:00,2026-09-14T23:35:00+02:00,down,#dc3545,2026-09-14T23:16:53+00:00,300,approximate-nominal-axis
2026-09-14T21:35:00+00:00,2026-09-14T23:35:00+02:00,2026-09-14T23:40:00+02:00,down,#dc3545,2026-09-14T23:16:53+00:00,300,approximate-nominal-axis
2026-09-14T21:40:00+00:00,2026-09-14T23:40:00+02:00,2026-09-14T23:45:00+02:00,up,#52d273,2026-09-14T23:16:53+00:00,300,approximate-nominal-axis
2026-09-14T21:45:00+00:00,2026-09-14T23:45:00+02:00,2026-09-14T23:50:00+02:00,up,#52d273,2026-09-14T23:16:53+00:00,300,approximate-nominal-axis
2026-09-14T21:50:00+00:00,2026-09-14T23:50:00+02:00,2026-09-14T23:55:00+02:00,up,#52d273,2026-09-14T23:16:53+00:00,300,approximate-nominal-axis
2026-09-14T21:55:00+00:00,2026-09-14T23:55:00+02:00,2026-09-15T00:00:00+02:00,up,#52d273,2026-09-14T23:16:53+00:00,300,approximate-nominal-axis
2026-09-14T22:00:00+00:00,2026-09-15T00:00:00+02:00,2026-09-15T00:05:00+02:00,up,#52d273,2026-09-14T23:16:53+00:00,300,approximate-nominal-axis
2026-09-14T22:05:00+00:00,2026-09-15T00:05:00+02:00,2026-09-15T00:10:00+02:00,up,#52d273,2026-09-14T23:16:53+00:00,300,approximate-nominal-axis
2026-09-14T22:10:00+00:00,2026-09-15T00:10:00+02:00,2026-09-15T00:15:00+02:00,up,#52d273,2026-09-14T23:16:53+00:00,300,approximate-nominal-axis
2026-09-14T22:15:00+00:00,2026-09-15T00:15:00+02:00,2026-09-15T00:20:00+02:00,up,#52d273,2026-09-14T23:16:53+00:00,300,approximate-nominal-axis
2026-09-14T22:20:00+00:00,2026-09-15T00:20:00+02:00,2026-09-15T00:25:00+02:00,up,#52d273,2026-09-14T23:16:53+00:00,300,approximate-nominal-axis
2026-09-14T22:25:00+00:00,2026-09-15T00:25:00+02:00,2026-09-15T00:30:00+02:00,up,#52d273,2026-09-14T23:16:53+00:00,300,approximate-nominal-axis
2026-09-14T22:30:00+00:00,2026-09-15T00:30:00+02:00,2026-09-15T00:35:00+02:00,up,#52d273,2026-09-14T23:16:53+00:00,300,approximate-nominal-axis
2026-09-14T22:35:00+00:00,2026-09-15T00:35:00+02:00,2026-09-15T00:40:00+02:00,up,#52d273,2026-09-14T23:16:53+00:00,300,approximate-nominal-axis
2026-09-14T22:40:00+00:00,2026-09-15T00:40:00+02:00,2026-09-15T00:45:00+02:00,down,#dc3545,2026-09-14T23:16:53+00:00,300,approximate-nominal-axis
2026-09-14T22:45:00+00:00,2026-09-15T00:45:00+02:00,2026-09-15T00:50:00+02:00,down,#dc3545,2026-09-14T23:16:53+00:00,300,approximate-nominal-axis
2026-09-14T22:50:00+00:00,2026-09-15T00:50:00+02:00,2026-09-15T00:55:00+02:00,up,#52d273,2026-09-14T23:16:53+00:00,300,approximate-nominal-axis
2026-09-14T22:55:00+00:00,2026-09-15T00:55:00+02:00,2026-09-15T01:00:00+02:00,up,#52d273,2026-09-14T23:16:53+00:00,300,approximate-nominal-axis
2026-09-14T23:00:00+00:00,2026-09-15T01:00:00+02:00,2026-09-15T01:05:00+02:00,up,#52d273,2026-09-14T23:16:53+00:00,300,approximate-nominal-axis
2026-09-14T23:05:00+00:00,2026-09-15T01:05:00+02:00,2026-09-15T01:10:00+02:00,up,#52d273,2026-09-14T23:16:53+00:00,300,approximate-nominal-axis
2026-09-14T23:10:00+00:00,2026-09-15T01:10:00+02:00,2026-09-15T01:15:00+02:00,up,#52d273,2026-09-14T23:16:53+00:00,300,approximate-nominal-axis
2026-09-15T11:30:00+00:00,2026-09-15T13:30:00+02:00,2026-09-15T13:35:00+02:00,down,#dc3545,2026-09-15T15:30:37+00:00,300,approximate-nominal-axis
2026-09-15T11:35:00+00:00,2026-09-15T13:35:00+02:00,2026-09-15T13:40:00+02:00,down,#dc3545,2026-09-15T15:30:37+00:00,300,approximate-nominal-axis
2026-09-15T11:40:00+00:00,2026-09-15T13:40:00+02:00,2026-09-15T13:45:00+02:00,up,#52d273,2026-09-15T15:30:37+00:00,300,approximate-nominal-axis
2026-09-15T11:45:00+00:00,2026-09-15T13:45:00+02:00,2026-09-15T13:50:00+02:00,down,#dc3545,2026-09-15T15:30:37+00:00,300,approximate-nominal-axis
2026-09-15T11:50:00+00:00,2026-09-15T13:50:00+02:00,2026-09-15T13:55:00+02:00,down,#dc3545,2026-09-15T15:30:37+00:00,300,approximate-nominal-axis
2026-09-15T11:55:00+00:00,2026-09-15T13:55:00+02:00,2026-09-15T14:00:00+02:00,down,#dc3545,2026-09-15T15:30:37+00:00,300,approximate-nominal-axis
2026-09-15T12:00:00+00:00,2026-09-15T14:00:00+02:00,2026-09-15T14:05:00+02:00,down,#dc3545,2026-09-15T15:30:37+00:00,300,approximate-nominal-axis
2026-09-15T12:05:00+00:00,2026-09-15T14:05:00+02:00,2026-09-15T14:10:00+02:00,down,#dc3545,2026-09-15T15:30:37+00:00,300,approximate-nominal-axis
2026-09-15T12:10:00+00:00,2026-09-15T14:10:00+02:00,2026-09-15T14:15:00+02:00,down,#dc3545,2026-09-15T15:30:37+00:00,300,approximate-nominal-axis
2026-09-15T12:15:00+00:00,2026-09-15T14:15:00+02:00,2026-09-15T14:20:00+02:00,down,#dc3545,2026-09-15T15:30:37+00:00,300,approximate-nominal-axis
2026-09-15T12:20:00+00:00,2026-09-15T14:20:00+02:00,2026-09-15T14:25:00+02:00,down,#dc3545,2026-09-15T15:30:37+00:00,300,approximate-nominal-axis
2026-09-15T12:25:00+00:00,2026-09-15T14:25:00+02:00,2026-09-15T14:30:00+02:00,down,#dc3545,2026-09-15T15:30:37+00:00,300,approximate-nominal-axis
2026-09-15T12:30:00+00:00,2026-09-15T14:30:00+02:00,2026-09-15T14:35:00+02:00,down,#dc3545,2026-09-15T15:30:37+00:00,300,approximate-nominal-axis
2026-09-15T12:35:00+00:00,2026-09-15T14:35:00+02:00,2026-09-15T14:40:00+02:00,down,#dc3545,2026-09-15T15:30:37+00:00,300,approximate-nominal-axis
2026-09-15T12:40:00+00:00,2026-09-15T14:40:00+02:00,2026-09-15T14:45:00+02:00,down,#dc3545,2026-09-15T16:43:03+00:00,300,approximate-nominal-axis
2026-09-15T12:45:00+00:00,2026-09-15T14:45:00+02:00,2026-09-15T14:50:00+02:00,up,#52d273,2026-09-15T16:43:03+00:00,300,approximate-nominal-axis
2026-09-15T12:50:00+00:00,2026-09-15T14:50:00+02:00,2026-09-15T14:55:00+02:00,up,#52d273,2026-09-15T16:43:03+00:00,300,approximate-nominal-axis
2026-09-15T12:55:00+00:00,2026-09-15T14:55:00+02:00,2026-09-15T15:00:00+02:00,down,#dc3545,2026-09-15T16:43:03+00:00,300,approximate-nominal-axis
2026-09-15T13:00:00+00:00,2026-09-15T15:00:00+02:00,2026-09-15T15:05:00+02:00,down,#dc3545,2026-09-15T16:43:03+00:00,300,approximate-nominal-axis
2026-09-15T13:05:00+00:00,2026-09-15T15:05:00+02:00,2026-09-15T15:10:00+02:00,down,#dc3545,2026-09-15T16:43:03+00:00,300,approximate-nominal-axis
2026-09-15T13:10:00+00:00,2026-09-15T15:10:00+02:00,2026-09-15T15:15:00+02:00,down,#dc3545,2026-09-15T16:43:03+00:00,300,approximate-nominal-axis
2026-09-15T13:15:00+00:00,2026-09-15T15:15:00+02:00,2026-09-15T15:20:00+02:00,down,#dc3545,2026-09-15T16:43:03+00:00,300,approximate-nominal-axis
2026-09-15T13:20:00+00:00,2026-09-15T15:20:00+02:00,2026-09-15T15:25:00+02:00,down,#dc3545,2026-09-15T16:43:03+00:00,300,approximate-nominal-axis
2026-09-15T13:25:00+00:00,2026-09-15T15:25:00+02:00,2026-09-15T15:30:00+02:00,down,#dc3545,2026-09-15T16:43:03+00:00,300,approximate-nominal-axis
2026-09-15T13:30:00+00:00,2026-09-15T15:30:00+02:00,2026-09-15T15:35:00+02:00,down,#dc3545,2026-09-15T16:43:03+00:00,300,approximate-nominal-axis
2026-09-15T13:35:00+00:00,2026-09-15T15:35:00+02:00,2026-09-15T15:40:00+02:00,down,#dc3545,2026-09-15T16:43:03+00:00,300,approximate-nominal-axis
2026-09-15T13:40:00+00:00,2026-09-15T15:40:00+02:00,2026-09-15T15:45:00+02:00,down,#dc3545,2026-09-15T16:43:03+00:00,300,approximate-nominal-axis
2026-09-15T13:45:00+00:00,2026-09-15T15:45:00+02:00,2026-09-15T15:50:00+02:00,down,#dc3545,2026-09-15T16:43:03+00:00,300,approximate-nominal-axis
2026-09-15T13:50:00+00:00,2026-09-15T15:50:00+02:00,2026-09-15T15:55:00+02:00,up,#52d273,2026-09-15T16:43:03+00:00,300,approximate-nominal-axis
2026-09-15T13:55:00+00:00,2026-09-15T15:55:00+02:00,2026-09-15T16:00:00+02:00,down,#dc3545,2026-09-15T16:43:03+00:00,300,approximate-nominal-axis
2026-09-15T14:00:00+00:00,2026-09-15T16:00:00+02:00,2026-09-15T16:05:00+02:00,down,#dc3545,2026-09-15T16:43:03+00:00,300,approximate-nominal-axis
2026-09-15T14:05:00+00:00,2026-09-15T16:05:00+02:00,2026-09-15T16:10:00+02:00,down,#dc3545,2026-09-15T16:43:03+00:00,300,approximate-nominal-axis
2026-09-15T14:10:00+00:00,2026-09-15T16:10:00+02:00,2026-09-15T16:15:00+02:00,down,#dc3545,2026-09-15T16:43:03+00:00,300,approximate-nominal-axis
2026-09-15T14:15:00+00:00,2026-09-15T16:15:00+02:00,2026-09-15T16:20:00+02:00,up,#52d273,2026-09-15T16:43:03+00:00,300,approximate-nominal-axis
2026-09-15T14:20:00+00:00,2026-09-15T16:20:00+02:00,2026-09-15T16:25:00+02:00,up,#52d273,2026-09-15T16:43:03+00:00,300,approximate-nominal-axis
2026-09-15T14:25:00+00:00,2026-09-15T16:25:00+02:00,2026-09-15T16:30:00+02:00,up,#52d273,2026-09-15T16:43:03+00:00,300,approximate-nominal-axis
2026-09-15T14:30:00+00:00,2026-09-15T16:30:00+02:00,2026-09-15T16:35:00+02:00,down,#dc3545,2026-09-15T16:43:03+00:00,300,approximate-nominal-axis
2026-09-15T14:35:00+00:00,2026-09-15T16:35:00+02:00,2026-09-15T16:40:00+02:00,down,#dc3545,2026-09-15T16:43:03+00:00,300,approximate-nominal-axis
2026-09-15T14:40:00+00:00,2026-09-15T16:40:00+02:00,2026-09-15T16:45:00+02:00,down,#dc3545,2026-09-15T16:43:03+00:00,300,approximate-nominal-axis
2026-09-15T14:45:00+00:00,2026-09-15T16:45:00+02:00,2026-09-15T16:50:00+02:00,down,#dc3545,2026-09-15T16:43:03+00:00,300,approximate-nominal-axis
2026-09-15T14:50:00+00:00,2026-09-15T16:50:00+02:00,2026-09-15T16:55:00+02:00,down,#dc3545,2026-09-15T16:43:03+00:00,300,approximate-nominal-axis
2026-09-15T14:55:00+00:00,2026-09-15T16:55:00+02:00,2026-09-15T17:00:00+02:00,down,#dc3545,2026-09-15T16:43:03+00:00,300,approximate-nominal-axis
2026-09-15T15:00:00+00:00,2026-09-15T17:00:00+02:00,2026-09-15T17:05:00+02:00,down,#dc3545,2026-09-15T16:43:03+00:00,300,approximate-nominal-axis
2026-09-15T15:05:00+00:00,2026-09-15T17:05:00+02:00,2026-09-15T17:10:00+02:00,down,#dc3545,2026-09-15T16:43:03+00:00,300,approximate-nominal-axis
2026-09-15T15:10:00+00:00,2026-09-15T17:10:00+02:00,2026-09-15T17:15:00+02:00,up,#52d273,2026-09-15T16:43:03+00:00,300,approximate-nominal-axis
2026-09-15T15:15:00+00:00,2026-09-15T17:15:00+02:00,2026-09-15T17:20:00+02:00,up,#52d273,2026-09-15T16:43:03+00:00,300,approximate-nominal-axis
2026-09-15T15:20:00+00:00,2026-09-15T17:20:00+02:00,2026-09-15T17:25:00+02:00,up,#52d273,2026-09-15T16:43:03+00:00,300,approximate-nominal-axis
2026-09-15T15:25:00+00:00,2026-09-15T17:25:00+02:00,2026-09-15T17:30:00+02:00,up,#52d273,2026-09-15T16:43:03+00:00,300,approximate-nominal-axis
2026-09-15T15:30:00+00:00,2026-09-15T17:30:00+02:00,2026-09-15T17:35:00+02:00,down,#dc3545,2026-09-15T16:43:03+00:00,300,approximate-nominal-axis
2026-09-15T15:35:00+00:00,2026-09-15T17:35:00+02:00,2026-09-15T17:40:00+02:00,down,#dc3545,2026-09-15T16:43:03+00:00,300,approximate-nominal-axis
2026-09-15T15:40:00+00:00,2026-09-15T17:40:00+02:00,2026-09-15T17:45:00+02:00,up,#52d273,2026-09-15T16:43:03+00:00,300,approximate-nominal-axis
2026-09-15T15:45:00+00:00,2026-09-15T17:45:00+02:00,2026-09-15T17:50:00+02:00,up,#52d273,2026-09-15T16:43:03+00:00,300,approximate-nominal-axis
2026-09-15T15:50:00+00:00,2026-09-15T17:50:00+02:00,2026-09-15T17:55:00+02:00,up,#52d273,2026-09-15T16:43:03+00:00,300,approximate-nominal-axis
2026-09-15T15:55:00+00:00,2026-09-15T17:55:00+02:00,2026-09-15T18:00:00+02:00,up,#52d273,2026-09-15T16:43:03+00:00,300,approximate-nominal-axis
2026-09-15T16:00:00+00:00,2026-09-15T18:00:00+02:00,2026-09-15T18:05:00+02:00,up,#52d273,2026-09-15T16:43:03+00:00,300,approximate-nominal-axis
2026-09-15T16:05:00+00:00,2026-09-15T18:05:00+02:00,2026-09-15T18:10:00+02:00,up,#52d273,2026-09-15T16:43:03+00:00,300,approximate-nominal-axis
2026-09-15T16:10:00+00:00,2026-09-15T18:10:00+02:00,2026-09-15T18:15:00+02:00,up,#52d273,2026-09-15T16:43:03+00:00,300,approximate-nominal-axis
2026-09-15T16:15:00+00:00,2026-09-15T18:15:00+02:00,2026-09-15T18:20:00+02:00,up,#52d273,2026-09-15T16:43:03+00:00,300,approximate-nominal-axis
2026-09-15T16:20:00+00:00,2026-09-15T18:20:00+02:00,2026-09-15T18:25:00+02:00,up,#52d273,2026-09-15T16:43:03+00:00,300,approximate-nominal-axis
2026-09-15T16:25:00+00:00,2026-09-15T18:25:00+02:00,2026-09-15T18:30:00+02:00,up,#52d273,2026-09-15T16:43:03+00:00,300,approximate-nominal-axis
2026-09-15T16:30:00+00:00,2026-09-15T18:30:00+02:00,2026-09-15T18:35:00+02:00,up,#52d273,2026-09-15T16:43:03+00:00,300,approximate-nominal-axis
2026-09-15T16:35:00+00:00,2026-09-15T18:35:00+02:00,2026-09-15T18:40:00+02:00,up,#52d273,2026-09-15T16:43:03+00:00,300,approximate-nominal-axis
2026-09-16T04:55:00+00:00,2026-09-16T06:55:00+02:00,2026-09-16T07:00:00+02:00,up,#52d273,2026-09-16T08:56:10+00:00,300,approximate-nominal-axis
2026-09-16T05:00:00+00:00,2026-09-16T07:00:00+02:00,2026-09-16T07:05:00+02:00,up,#52d273,2026-09-16T08:56:10+00:00,300,approximate-nominal-axis
2026-09-16T05:05:00+00:00,2026-09-16T07:05:00+02:00,2026-09-16T07:10:00+02:00,up,#52d273,2026-09-16T08:56:10+00:00,300,approximate-nominal-axis
2026-09-16T05:10:00+00:00,2026-09-16T07:10:00+02:00,2026-09-16T07:15:00+02:00,up,#52d273,2026-09-16T08:56:10+00:00,300,approximate-nominal-axis
2026-09-16T05:15:00+00:00,2026-09-16T07:15:00+02:00,2026-09-16T07:20:00+02:00,up,#52d273,2026-09-16T08:56:10+00:00,300,approximate-nominal-axis
2026-09-16T05:20:00+00:00,2026-09-16T07:20:00+02:00,2026-09-16T07:25:00+02:00,up,#52d273,2026-09-16T08:56:10+00:00,300,approximate-nominal-axis
2026-09-16T05:25:00+00:00,2026-09-16T07:25:00+02:00,2026-09-16T07:30:00+02:00,up,#52d273,2026-09-16T08:56:10+00:00,300,approximate-nominal-axis
2026-09-16T05:30:00+00:00,2026-09-16T07:30:00+02:00,2026-09-16T07:35:00+02:00,up,#52d273,2026-09-16T08:56:10+00:00,300,approximate-nominal-axis
2026-09-16T05:35:00+00:00,2026-09-16T07:35:00+02:00,2026-09-16T07:40:00+02:00,up,#52d273,2026-09-16T08:56:10+00:00,300,approximate-nominal-axis
2026-09-16T05:40:00+00:00,2026-09-16T07:40:00+02:00,2026-09-16T07:45:00+02:00,up,#52d273,2026-09-16T08:56:10+00:00,300,approximate-nominal-axis
2026-09-16T05:45:00+00:00,2026-09-16T07:45:00+02:00,2026-09-16T07:50:00+02:00,up,#52d273,2026-09-16T08:56:10+00:00,300,approximate-nominal-axis
2026-09-16T05:50:00+00:00,2026-09-16T07:50:00+02:00,2026-09-16T07:55:00+02:00,up,#52d273,2026-09-16T08:56:10+00:00,300,approximate-nominal-axis
2026-09-16T05:55:00+00:00,2026-09-16T07:55:00+02:00,2026-09-16T08:00:00+02:00,up,#52d273,2026-09-16T08:56:10+00:00,300,approximate-nominal-axis
2026-09-16T06:00:00+00:00,2026-09-16T08:00:00+02:00,2026-09-16T08:05:00+02:00,up,#52d273,2026-09-16T08:56:10+00:00,300,approximate-nominal-axis
2026-09-16T06:05:00+00:00,2026-09-16T08:05:00+02:00,2026-09-16T08:10:00+02:00,up,#52d273,2026-09-16T08:56:10+00:00,300,approximate-nominal-axis
2026-09-16T06:10:00+00:00,2026-09-16T08:10:00+02:00,2026-09-16T08:15:00+02:00,up,#52d273,2026-09-16T08:56:10+00:00,300,approximate-nominal-axis
2026-09-16T06:15:00+00:00,2026-09-16T08:15:00+02:00,2026-09-16T08:20:00+02:00,up,#52d273,2026-09-16T08:56:10+00:00,300,approximate-nominal-axis
2026-09-16T06:20:00+00:00,2026-09-16T08:20:00+02:00,2026-09-16T08:25:00+02:00,up,#52d273,2026-09-16T08:56:10+00:00,300,approximate-nominal-axis
2026-09-16T06:25:00+00:00,2026-09-16T08:25:00+02:00,2026-09-16T08:30:00+02:00,up,#52d273,2026-09-16T08:56:10+00:00,300,approximate-nominal-axis
2026-09-16T06:30:00+00:00,2026-09-16T08:30:00+02:00,2026-09-16T08:35:00+02:00,up,#52d273,2026-09-16T08:56:10+00:00,300,approximate-nominal-axis
2026-09-16T06:35:00+00:00,2026-09-16T08:35:00+02:00,2026-09-16T08:40:00+02:00,up,#52d273,2026-09-16T08:56:10+00:00,300,approximate-nominal-axis
2026-09-16T06:40:00+00:00,2026-09-16T08:40:00+02:00,2026-09-16T08:45:00+02:00,up,#52d273,2026-09-16T08:56:10+00:00,300,approximate-nominal-axis
2026-09-16T06:45:00+00:00,2026-09-16T08:45:00+02:00,2026-09-16T08:50:00+02:00,up,#52d273,2026-09-16T10:48:22+00:00,300,approximate-nominal-axis
2026-09-16T06:50:00+00:00,2026-09-16T08:50:00+02:00,2026-09-16T08:55:00+02:00,up,#52d273,2026-09-16T10:48:22+00:00,300,approximate-nominal-axis
2026-09-16T06:55:00+00:00,2026-09-16T08:55:00+02:00,2026-09-16T09:00:00+02:00,up,#52d273,2026-09-16T10:48:22+00:00,300,approximate-nominal-axis
2026-09-16T07:00:00+00:00,2026-09-16T09:00:00+02:00,2026-09-16T09:05:00+02:00,up,#52d273,2026-09-16T10:48:22+00:00,300,approximate-nominal-axis
2026-09-16T07:05:00+00:00,2026-09-16T09:05:00+02:00,2026-09-16T09:10:00+02:00,up,#52d273,2026-09-16T10:48:22+00:00,300,approximate-nominal-axis
2026-09-16T07:10:00+00:00,2026-09-16T09:10:00+02:00,2026-09-16T09:15:00+02:00,up,#52d273,2026-09-16T10:48:22+00:00,300,approximate-nominal-axis
2026-09-16T07:15:00+00:00,2026-09-16T09:15:00+02:00,2026-09-16T09:20:00+02:00,up,#52d273,2026-09-16T10:48:22+00:00,300,approximate-nominal-axis
2026-09-16T07:20:00+00:00,2026-09-16T09:20:00+02:00,2026-09-16T09:25:00+02:00,up,#52d273,2026-09-16T10:48:22+00:00,300,approximate-nominal-axis
2026-09-16T07:25:00+00:00,2026-09-16T09:25:00+02:00,2026-09-16T09:30:00+02:00,up,#52d273,2026-09-16T10:48:22+00:00,300,approximate-nominal-axis
2026-09-16T07:30:00+00:00,2026-09-16T09:30:00+02:00,2026-09-16T09:35:00+02:00,down,#dc3545,2026-09-16T10:48:22+00:00,300,approximate-nominal-axis
2026-09-16T07:35:00+00:00,2026-09-16T09:35:00+02:00,2026-09-16T09:40:00+02:00,down,#dc3545,2026-09-16T10:48:22+00:00,300,approximate-nominal-axis
2026-09-16T07:40:00+00:00,2026-09-16T09:40:00+02:00,2026-09-16T09:45:00+02:00,down,#dc3545,2026-09-16T10:48:22+00:00,300,approximate-nominal-axis
2026-09-16T07:45:00+00:00,2026-09-16T09:45:00+02:00,2026-09-16T09:50:00+02:00,down,#dc3545,2026-09-16T10:48:22+00:00,300,approximate-nominal-axis
2026-09-16T07:50:00+00:00,2026-09-16T09:50:00+02:00,2026-09-16T09:55:00+02:00,up,#52d273,2026-09-16T10:48:22+00:00,300,approximate-nominal-axis
2026-09-16T07:55:00+00:00,2026-09-16T09:55:00+02:00,2026-09-16T10:00:00+02:00,down,#dc3545,2026-09-16T10:48:22+00:00,300,approximate-nominal-axis
2026-09-16T08:00:00+00:00,2026-09-16T10:00:00+02:00,2026-09-16T10:05:00+02:00,down,#dc3545,2026-09-16T10:48:22+00:00,300,approximate-nominal-axis
2026-09-16T08:05:00+00:00,2026-09-16T10:05:00+02:00,2026-09-16T10:10:00+02:00,down,#dc3545,2026-09-16T10:48:22+00:00,300,approximate-nominal-axis
2026-09-16T08:10:00+00:00,2026-09-16T10:10:00+02:00,2026-09-16T10:15:00+02:00,down,#dc3545,2026-09-16T10:48:22+00:00,300,approximate-nominal-axis
2026-09-16T08:15:00+00:00,2026-09-16T10:15:00+02:00,2026-09-16T10:20:00+02:00,up,#52d273,2026-09-16T10:48:22+00:00,300,approximate-nominal-axis
2026-09-16T08:20:00+00:00,2026-09-16T10:20:00+02:00,2026-09-16T10:25:00+02:00,down,#dc3545,2026-09-16T10:48:22+00:00,300,approximate-nominal-axis
2026-09-16T08:25:00+00:00,2026-09-16T10:25:00+02:00,2026-09-16T10:30:00+02:00,down,#dc3545,2026-09-16T10:48:22+00:00,300,approximate-nominal-axis
2026-09-16T08:30:00+00:00,2026-09-16T10:30:00+02:00,2026-09-16T10:35:00+02:00,down,#dc3545,2026-09-16T10:48:22+00:00,300,approximate-nominal-axis
2026-09-16T08:35:00+00:00,2026-09-16T10:35:00+02:00,2026-09-16T10:40:00+02:00,down,#dc3545,2026-09-16T10:48:22+00:00,300,approximate-nominal-axis
2026-09-16T08:40:00+00:00,2026-09-16T10:40:00+02:00,2026-09-16T10:45:00+02:00,up,#52d273,2026-09-16T10:48:22+00:00,300,approximate-nominal-axis
2026-09-16T08:45:00+00:00,2026-09-16T10:45:00+02:00,2026-09-16T10:50:00+02:00,down,#dc3545,2026-09-16T10:48:22+00:00,300,approximate-nominal-axis
2026-09-16T08:50:00+00:00,2026-09-16T10:50:00+02:00,2026-09-16T10:55:00+02:00,down,#dc3545,2026-09-16T10:48:22+00:00,300,approximate-nominal-axis
2026-09-16T08:55:00+00:00,2026-09-16T10:55:00+02:00,2026-09-16T11:00:00+02:00,down,#dc3545,2026-09-16T10:48:22+00:00,300,approximate-nominal-axis
2026-09-16T09:00:00+00:00,2026-09-16T11:00:00+02:00,2026-09-16T11:05:00+02:00,down,#dc3545,2026-09-16T10:48:22+00:00,300,approximate-nominal-axis
2026-09-16T09:05:00+00:00,2026-09-16T11:05:00+02:00,2026-09-16T11:10:00+02:00,up,#52d273,2026-09-16T10:48:22+00:00,300,approximate-nominal-axis
2026-09-16T09:10:00+00:00,2026-09-16T11:10:00+02:00,2026-09-16T11:15:00+02:00,up,#52d273,2026-09-16T10:48:22+00:00,300,approximate-nominal-axis
2026-09-16T09:15:00+00:00,2026-09-16T11:15:00+02:00,2026-09-16T11:20:00+02:00,up,#52d273,2026-09-16T10:48:22+00:00,300,approximate-nominal-axis
2026-09-16T09:20:00+00:00,2026-09-16T11:20:00+02:00,2026-09-16T11:25:00+02:00,up,#52d273,2026-09-16T10:48:22+00:00,300,approximate-nominal-axis
2026-09-16T09:25:00+00:00,2026-09-16T11:25:00+02:00,2026-09-16T11:30:00+02:00,up,#52d273,2026-09-16T10:48:22+00:00,300,approximate-nominal-axis
2026-09-16T09:30:00+00:00,2026-09-16T11:30:00+02:00,2026-09-16T11:35:00+02:00,up,#52d273,2026-09-16T10:48:22+00:00,300,approximate-nominal-axis
2026-09-16T09:35:00+00:00,2026-09-16T11:35:00+02:00,2026-09-16T11:40:00+02:00,up,#52d273,2026-09-16T10:48:22+00:00,300,approximate-nominal-axis
2026-09-16T09:40:00+00:00,2026-09-16T11:40:00+02:00,2026-09-16T11:45:00+02:00,up,#52d273,2026-09-16T10:48:22+00:00,300,approximate-nominal-axis
2026-09-16T09:45:00+00:00,2026-09-16T11:45:00+02:00,2026-09-16T11:50:00+02:00,up,#52d273,2026-09-16T10:48:22+00:00,300,approximate-nominal-axis
2026-09-16T09:50:00+00:00,2026-09-16T11:50:00+02:00,2026-09-16T11:55:00+02:00,up,#52d273,2026-09-16T10:48:22+00:00,300,approximate-nominal-axis
2026-09-16T09:55:00+00:00,2026-09-16T11:55:00+02:00,2026-09-16T12:00:00+02:00,up,#52d273,2026-09-16T10:48:22+00:00,300,approximate-nominal-axis
2026-09-16T10:00:00+00:00,2026-09-16T12:00:00+02:00,2026-09-16T12:05:00+02:00,up,#52d273,2026-09-16T10:48:22+00:00,300,approximate-nominal-axis
2026-09-16T10:05:00+00:00,2026-09-16T12:05:00+02:00,2026-09-16T12:10:00+02:00,up,#52d273,2026-09-16T10:48:22+00:00,300,approximate-nominal-axis
2026-09-16T10:10:00+00:00,2026-09-16T12:10:00+02:00,2026-09-16T12:15:00+02:00,up,#52d273,2026-09-16T10:48:22+00:00,300,approximate-nominal-axis
2026-09-16T10:15:00+00:00,2026-09-16T12:15:00+02:00,2026-09-16T12:20:00+02:00,up,#52d273,2026-09-16T10:48:22+00:00,300,approximate-nominal-axis
2026-09-16T10:20:00+00:00,2026-09-16T12:20:00+02:00,2026-09-16T12:25:00+02:00,up,#52d273,2026-09-16T10:48:22+00:00,300,approximate-nominal-axis
2026-09-16T10:25:00+00:00,2026-09-16T12:25:00+02:00,2026-09-16T12:30:00+02:00,up,#52d273,2026-09-16T10:48:22+00:00,300,approximate-nominal-axis
2026-09-16T10:30:00+00:00,2026-09-16T12:30:00+02:00,2026-09-16T12:35:00+02:00,up,#52d273,2026-09-16T10:48:22+00:00,300,approximate-nominal-axis
2026-09-16T10:35:00+00:00,2026-09-16T12:35:00+02:00,2026-09-16T12:40:00+02:00,up,#52d273,2026-09-16T10:48:22+00:00,300,approximate-nominal-axis
2026-09-16T10:40:00+00:00,2026-09-16T12:40:00+02:00,2026-09-16T12:45:00+02:00,up,#52d273,2026-09-16T10:48:22+00:00,300,approximate-nominal-axis
2026-09-16T13:40:00+00:00,2026-09-16T15:40:00+02:00,2026-09-16T15:45:00+02:00,up,#52d273,2026-09-16T17:43:07+00:00,300,approximate-nominal-axis
2026-09-16T13:45:00+00:00,2026-09-16T15:45:00+02:00,2026-09-16T15:50:00+02:00,up,#52d273,2026-09-16T17:43:07+00:00,300,approximate-nominal-axis
2026-09-16T13:50:00+00:00,2026-09-16T15:50:00+02:00,2026-09-16T15:55:00+02:00,up,#52d273,2026-09-16T17:43:07+00:00,300,approximate-nominal-axis
2026-09-16T13:55:00+00:00,2026-09-16T15:55:00+02:00,2026-09-16T16:00:00+02:00,down,#dc3545,2026-09-16T17:43:07+00:00,300,approximate-nominal-axis
2026-09-16T14:00:00+00:00,2026-09-16T16:00:00+02:00,2026-09-16T16:05:00+02:00,down,#dc3545,2026-09-16T17:43:07+00:00,300,approximate-nominal-axis
2026-09-16T14:05:00+00:00,2026-09-16T16:05:00+02:00,2026-09-16T16:10:00+02:00,down,#dc3545,2026-09-16T17:43:07+00:00,300,approximate-nominal-axis
2026-09-16T14:10:00+00:00,2026-09-16T16:10:00+02:00,2026-09-16T16:15:00+02:00,down,#dc3545,2026-09-16T17:43:07+00:00,300,approximate-nominal-axis
2026-09-16T14:15:00+00:00,2026-09-16T16:15:00+02:00,2026-09-16T16:20:00+02:00,up,#52d273,2026-09-16T17:43:07+00:00,300,approximate-nominal-axis
2026-09-16T14:20:00+00:00,2026-09-16T16:20:00+02:00,2026-09-16T16:25:00+02:00,up,#52d273,2026-09-16T17:43:07+00:00,300,approximate-nominal-axis
2026-09-16T14:25:00+00:00,2026-09-16T16:25:00+02:00,2026-09-16T16:30:00+02:00,down,#dc3545,2026-09-16T17:43:07+00:00,300,approximate-nominal-axis
2026-09-16T14:30:00+00:00,2026-09-16T16:30:00+02:00,2026-09-16T16:35:00+02:00,down,#dc3545,2026-09-16T17:43:07+00:00,300,approximate-nominal-axis
2026-09-16T14:35:00+00:00,2026-09-16T16:35:00+02:00,2026-09-16T16:40:00+02:00,down,#dc3545,2026-09-16T17:43:07+00:00,300,approximate-nominal-axis
2026-09-16T14:40:00+00:00,2026-09-16T16:40:00+02:00,2026-09-16T16:45:00+02:00,down,#dc3545,2026-09-16T17:43:07+00:00,300,approximate-nominal-axis
2026-09-16T14:45:00+00:00,2026-09-16T16:45:00+02:00,2026-09-16T16:50:00+02:00,up,#52d273,2026-09-16T17:43:07+00:00,300,approximate-nominal-axis
2026-09-16T14:50:00+00:00,2026-09-16T16:50:00+02:00,2026-09-16T16:55:00+02:00,up,#52d273,2026-09-16T17:43:07+00:00,300,approximate-nominal-axis
2026-09-16T14:55:00+00:00,2026-09-16T16:55:00+02:00,2026-09-16T17:00:00+02:00,down,#dc3545,2026-09-16T17:43:07+00:00,300,approximate-nominal-axis
2026-09-16T15:00:00+00:00,2026-09-16T17:00:00+02:00,2026-09-16T17:05:00+02:00,down,#dc3545,2026-09-16T19:03:00+00:00,300,approximate-nominal-axis
2026-09-16T15:05:00+00:00,2026-09-16T17:05:00+02:00,2026-09-16T17:10:00+02:00,down,#dc3545,2026-09-16T19:03:00+00:00,300,approximate-nominal-axis
2026-09-16T15:10:00+00:00,2026-09-16T17:10:00+02:00,2026-09-16T17:15:00+02:00,up,#52d273,2026-09-16T19:03:00+00:00,300,approximate-nominal-axis
2026-09-16T15:15:00+00:00,2026-09-16T17:15:00+02:00,2026-09-16T17:20:00+02:00,down,#dc3545,2026-09-16T19:03:00+00:00,300,approximate-nominal-axis
2026-09-16T15:20:00+00:00,2026-09-16T17:20:00+02:00,2026-09-16T17:25:00+02:00,down,#dc3545,2026-09-16T19:03:00+00:00,300,approximate-nominal-axis
2026-09-16T15:25:00+00:00,2026-09-16T17:25:00+02:00,2026-09-16T17:30:00+02:00,down,#dc3545,2026-09-16T19:03:00+00:00,300,approximate-nominal-axis
2026-09-16T15:30:00+00:00,2026-09-16T17:30:00+02:00,2026-09-16T17:35:00+02:00,down,#dc3545,2026-09-16T19:03:00+00:00,300,approximate-nominal-axis
2026-09-16T15:35:00+00:00,2026-09-16T17:35:00+02:00,2026-09-16T17:40:00+02:00,up,#52d273,2026-09-16T19:03:00+00:00,300,approximate-nominal-axis
2026-09-16T15:40:00+00:00,2026-09-16T17:40:00+02:00,2026-09-16T17:45:00+02:00,up,#52d273,2026-09-16T19:03:00+00:00,300,approximate-nominal-axis
2026-09-16T15:45:00+00:00,2026-09-16T17:45:00+02:00,2026-09-16T17:50:00+02:00,down,#dc3545,2026-09-16T19:03:00+00:00,300,approximate-nominal-axis
2026-09-16T15:50:00+00:00,2026-09-16T17:50:00+02:00,2026-09-16T17:55:00+02:00,down,#dc3545,2026-09-16T19:03:00+00:00,300,approximate-nominal-axis
2026-09-16T15:55:00+00:00,2026-09-16T17:55:00+02:00,2026-09-16T18:00:00+02:00,down,#dc3545,2026-09-16T19:03:00+00:00,300,approximate-nominal-axis
2026-09-16T16:00:00+00:00,2026-09-16T18:00:00+02:00,2026-09-16T18:05:00+02:00,down,#dc3545,2026-09-16T19:03:00+00:00,300,approximate-nominal-axis
2026-09-16T16:05:00+00:00,2026-09-16T18:05:00+02:00,2026-09-16T18:10:00+02:00,up,#52d273,2026-09-16T19:03:00+00:00,300,approximate-nominal-axis
2026-09-16T16:10:00+00:00,2026-09-16T18:10:00+02:00,2026-09-16T18:15:00+02:00,down,#dc3545,2026-09-16T19:03:00+00:00,300,approximate-nominal-axis
2026-09-16T16:15:00+00:00,2026-09-16T18:15:00+02:00,2026-09-16T18:20:00+02:00,down,#dc3545,2026-09-16T19:03:00+00:00,300,approximate-nominal-axis
2026-09-16T16:20:00+00:00,2026-09-16T18:20:00+02:00,2026-09-16T18:25:00+02:00,down,#dc3545,2026-09-16T19:03:00+00:00,300,approximate-nominal-axis
2026-09-16T16:25:00+00:00,2026-09-16T18:25:00+02:00,2026-09-16T18:30:00+02:00,down,#dc3545,2026-09-16T19:03:00+00:00,300,approximate-nominal-axis
2026-09-16T16:30:00+00:00,2026-09-16T18:30:00+02:00,2026-09-16T18:35:00+02:00,down,#dc3545,2026-09-16T19:03:00+00:00,300,approximate-nominal-axis
2026-09-16T16:35:00+00:00,2026-09-16T18:35:00+02:00,2026-09-16T18:40:00+02:00,down,#dc3545,2026-09-16T19:03:00+00:00,300,approximate-nominal-axis
2026-09-16T16:40:00+00:00,2026-09-16T18:40:00+02:00,2026-09-16T18:45:00+02:00,up,#52d273,2026-09-16T19:03:00+00:00,300,approximate-nominal-axis
2026-09-16T16:45:00+00:00,2026-09-16T18:45:00+02:00,2026-09-16T18:50:00+02:00,up,#52d273,2026-09-16T19:03:00+00:00,300,approximate-nominal-axis
2026-09-16T16:50:00+00:00,2026-09-16T18:50:00+02:00,2026-09-16T18:55:00+02:00,up,#52d273,2026-09-16T19:03:00+00:00,300,approximate-nominal-axis
2026-09-16T16:55:00+00:00,2026-09-16T18:55:00+02:00,2026-09-16T19:00:00+02:00,up,#52d273,2026-09-16T19:03:00+00:00,300,approximate-nominal-axis
2026-09-16T17:00:00+00:00,2026-09-16T19:00:00+02:00,2026-09-16T19:05:00+02:00,up,#52d273,2026-09-16T19:03:00+00:00,300,approximate-nominal-axis
2026-09-16T17:05:00+00:00,2026-09-16T19:05:00+02:00,2026-09-16T19:10:00+02:00,up,#52d273,2026-09-16T19:03:00+00:00,300,approximate-nominal-axis
2026-09-16T17:10:00+00:00,2026-09-16T19:10:00+02:00,2026-09-16T19:15:00+02:00,up,#52d273,2026-09-16T19:03:00+00:00,300,approximate-nominal-axis
2026-09-16T17:15:00+00:00,2026-09-16T19:15:00+02:00,2026-09-16T19:20:00+02:00,up,#52d273,2026-09-16T19:03:00+00:00,300,approximate-nominal-axis
2026-09-16T17:20:00+00:00,2026-09-16T19:20:00+02:00,2026-09-16T19:25:00+02:00,up,#52d273,2026-09-16T19:03:00+00:00,300,approximate-nominal-axis
2026-09-16T17:25:00+00:00,2026-09-16T19:25:00+02:00,2026-09-16T19:30:00+02:00,up,#52d273,2026-09-16T19:03:00+00:00,300,approximate-nominal-axis
2026-09-16T17:30:00+00:00,2026-09-16T19:30:00+02:00,2026-09-16T19:35:00+02:00,up,#52d273,2026-09-16T19:03:00+00:00,300,approximate-nominal-axis
2026-09-16T17:35:00+00:00,2026-09-16T19:35:00+02:00,2026-09-16T19:40:00+02:00,up,#52d273,2026-09-16T19:03:00+00:00,300,approximate-nominal-axis
2026-09-16T17:40:00+00:00,2026-09-16T19:40:00+02:00,2026-09-16T19:45:00+02:00,up,#52d273,2026-09-16T19:03:00+00:00,300,approximate-nominal-axis
2026-09-16T17:45:00+00:00,2026-09-16T19:45:00+02:00,2026-09-16T19:50:00+02:00,up,#52d273,2026-09-16T19:03:00+00:00,300,approximate-nominal-axis
2026-09-16T17:50:00+00:00,2026-09-16T19:50:00+02:00,2026-09-16T19:55:00+02:00,up,#52d273,2026-09-16T19:03:00+00:00,300,approximate-nominal-axis
2026-09-16T17:55:00+00:00,2026-09-16T19:55:00+02:00,2026-09-16T20:00:00+02:00,up,#52d273,2026-09-16T19:03:00+00:00,300,approximate-nominal-axis
2026-09-16T18:00:00+00:00,2026-09-16T20:00:00+02:00,2026-09-16T20:05:00+02:00,up,#52d273,2026-09-16T19:03:00+00:00,300,approximate-nominal-axis
2026-09-16T18:05:00+00:00,2026-09-16T20:05:00+02:00,2026-09-16T20:10:00+02:00,up,#52d273,2026-09-16T19:03:00+00:00,300,approximate-nominal-axis
2026-09-16T18:10:00+00:00,2026-09-16T20:10:00+02:00,2026-09-16T20:15:00+02:00,down,#dc3545,2026-09-16T19:03:00+00:00,300,approximate-nominal-axis
2026-09-16T18:15:00+00:00,2026-09-16T20:15:00+02:00,2026-09-16T20:20:00+02:00,down,#dc3545,2026-09-16T19:03:00+00:00,300,approximate-nominal-axis
2026-09-16T18:20:00+00:00,2026-09-16T20:20:00+02:00,2026-09-16T20:25:00+02:00,up,#52d273,2026-09-16T19:03:00+00:00,300,approximate-nominal-axis
2026-09-16T18:25:00+00:00,2026-09-16T20:25:00+02:00,2026-09-16T20:30:00+02:00,up,#52d273,2026-09-16T19:03:00+00:00,300,approximate-nominal-axis
2026-09-16T18:30:00+00:00,2026-09-16T20:30:00+02:00,2026-09-16T20:35:00+02:00,up,#52d273,2026-09-16T19:03:00+00:00,300,approximate-nominal-axis
2026-09-16T18:35:00+00:00,2026-09-16T20:35:00+02:00,2026-09-16T20:40:00+02:00,up,#52d273,2026-09-16T19:03:00+00:00,300,approximate-nominal-axis
2026-09-16T18:40:00+00:00,2026-09-16T20:40:00+02:00,2026-09-16T20:45:00+02:00,up,#52d273,2026-09-16T19:03:00+00:00,300,approximate-nominal-axis
2026-09-16T18:45:00+00:00,2026-09-16T20:45:00+02:00,2026-09-16T20:50:00+02:00,up,#52d273,2026-09-16T19:03:00+00:00,300,approximate-nominal-axis
2026-09-16T18:50:00+00:00,2026-09-16T20:50:00+02:00,2026-09-16T20:55:00+02:00,up,#52d273,2026-09-16T19:03:00+00:00,300,approximate-nominal-axis
2026-09-16T18:55:00+00:00,2026-09-16T20:55:00+02:00,2026-09-16T21:00:00+02:00,up,#52d273,2026-09-16T19:03:00+00:00,300,approximate-nominal-axis
2026-09-16T19:05:00+00:00,2026-09-16T21:05:00+02:00,2026-09-16T21:10:00+02:00,down,#dc3545,2026-09-16T23:05:51+00:00,300,approximate-nominal-axis
2026-09-16T19:10:00+00:00,2026-09-16T21:10:00+02:00,2026-09-16T21:15:00+02:00,up,#52d273,2026-09-16T23:05:51+00:00,300,approximate-nominal-axis
2026-09-16T19:15:00+00:00,2026-09-16T21:15:00+02:00,2026-09-16T21:20:00+02:00,down,#dc3545,2026-09-16T23:05:51+00:00,300,approximate-nominal-axis
2026-09-16T19:20:00+00:00,2026-09-16T21:20:00+02:00,2026-09-16T21:25:00+02:00,down,#dc3545,2026-09-16T23:05:51+00:00,300,approximate-nominal-axis
2026-09-16T19:25:00+00:00,2026-09-16T21:25:00+02:00,2026-09-16T21:30:00+02:00,up,#52d273,2026-09-16T23:05:51+00:00,300,approximate-nominal-axis
2026-09-16T19:30:00+00:00,2026-09-16T21:30:00+02:00,2026-09-16T21:35:00+02:00,up,#52d273,2026-09-16T23:05:51+00:00,300,approximate-nominal-axis
2026-09-16T19:35:00+00:00,2026-09-16T21:35:00+02:00,2026-09-16T21:40:00+02:00,up,#52d273,2026-09-16T23:05:51+00:00,300,approximate-nominal-axis
2026-09-16T19:40:00+00:00,2026-09-16T21:40:00+02:00,2026-09-16T21:45:00+02:00,up,#52d273,2026-09-16T23:05:51+00:00,300,approximate-nominal-axis
2026-09-16T19:45:00+00:00,2026-09-16T21:45:00+02:00,2026-09-16T21:50:00+02:00,up,#52d273,2026-09-16T23:05:51+00:00,300,approximate-nominal-axis
2026-09-16T19:50:00+00:00,2026-09-16T21:50:00+02:00,2026-09-16T21:55:00+02:00,up,#52d273,2026-09-16T23:05:51+00:00,300,approximate-nominal-axis
2026-09-16T19:55:00+00:00,2026-09-16T21:55:00+02:00,2026-09-16T22:00:00+02:00,up,#52d273,2026-09-16T23:55:33+00:00,300,approximate-nominal-axis
2026-09-16T20:00:00+00:00,2026-09-16T22:00:00+02:00,2026-09-16T22:05:00+02:00,up,#52d273,2026-09-16T23:55:33+00:00,300,approximate-nominal-axis
2026-09-16T20:05:00+00:00,2026-09-16T22:05:00+02:00,2026-09-16T22:10:00+02:00,up,#52d273,2026-09-16T23:55:33+00:00,300,approximate-nominal-axis
2026-09-16T20:10:00+00:00,2026-09-16T22:10:00+02:00,2026-09-16T22:15:00+02:00,up,#52d273,2026-09-16T23:55:33+00:00,300,approximate-nominal-axis
2026-09-16T20:15:00+00:00,2026-09-16T22:15:00+02:00,2026-09-16T22:20:00+02:00,up,#52d273,2026-09-16T23:55:33+00:00,300,approximate-nominal-axis
2026-09-16T20:20:00+00:00,2026-09-16T22:20:00+02:00,2026-09-16T22:25:00+02:00,up,#52d273,2026-09-16T23:55:33+00:00,300,approximate-nominal-axis
2026-09-16T20:25:00+00:00,2026-09-16T22:25:00+02:00,2026-09-16T22:30:00+02:00,up,#52d273,2026-09-16T23:55:33+00:00,300,approximate-nominal-axis
2026-09-16T20:30:00+00:00,2026-09-16T22:30:00+02:00,2026-09-16T22:35:00+02:00,up,#52d273,2026-09-16T23:55:33+00:00,300,approximate-nominal-axis
2026-09-16T20:35:00+00:00,2026-09-16T22:35:00+02:00,2026-09-16T22:40:00+02:00,up,#52d273,2026-09-16T23:55:33+00:00,300,approximate-nominal-axis
2026-09-16T20:40:00+00:00,2026-09-16T22:40:00+02:00,2026-09-16T22:45:00+02:00,up,#52d273,2026-09-16T23:55:33+00:00,300,approximate-nominal-axis
2026-09-16T20:45:00+00:00,2026-09-16T22:45:00+02:00,2026-09-16T22:50:00+02:00,up,#52d273,2026-09-16T23:55:33+00:00,300,approximate-nominal-axis
2026-09-16T20:50:00+00:00,2026-09-16T22:50:00+02:00,2026-09-16T22:55:00+02:00,up,#52d273,2026-09-16T23:55:33+00:00,300,approximate-nominal-axis
2026-09-16T20:55:00+00:00,2026-09-16T22:55:00+02:00,2026-09-16T23:00:00+02:00,up,#52d273,2026-09-16T23:55:33+00:00,300,approximate-nominal-axis
2026-09-16T21:00:00+00:00,2026-09-16T23:00:00+02:00,2026-09-16T23:05:00+02:00,up,#52d273,2026-09-16T23:55:33+00:00,300,approximate-nominal-axis
2026-09-16T21:05:00+00:00,2026-09-16T23:05:00+02:00,2026-09-16T23:10:00+02:00,up,#52d273,2026-09-16T23:55:33+00:00,300,approximate-nominal-axis
2026-09-16T21:10:00+00:00,2026-09-16T23:10:00+02:00,2026-09-16T23:15:00+02:00,up,#52d273,2026-09-16T23:55:33+00:00,300,approximate-nominal-axis
2026-09-16T21:15:00+00:00,2026-09-16T23:15:00+02:00,2026-09-16T23:20:00+02:00,up,#52d273,2026-09-16T23:55:33+00:00,300,approximate-nominal-axis
2026-09-16T21:20:00+00:00,2026-09-16T23:20:00+02:00,2026-09-16T23:25:00+02:00,up,#52d273,2026-09-16T23:55:33+00:00,300,approximate-nominal-axis
2026-09-16T21:25:00+00:00,2026-09-16T23:25:00+02:00,2026-09-16T23:30:00+02:00,up,#52d273,2026-09-16T23:55:33+00:00,300,approximate-nominal-axis
2026-09-16T21:30:00+00:00,2026-09-16T23:30:00+02:00,2026-09-16T23:35:00+02:00,up,#52d273,2026-09-16T23:55:33+00:00,300,approximate-nominal-axis
2026-09-16T21:35:00+00:00,2026-09-16T23:35:00+02:00,2026-09-16T23:40:00+02:00,up,#52d273,2026-09-16T23:55:33+00:00,300,approximate-nominal-axis
2026-09-16T21:40:00+00:00,2026-09-16T23:40:00+02:00,2026-09-16T23:45:00+02:00,up,#52d273,2026-09-16T23:55:33+00:00,300,approximate-nominal-axis
2026-09-16T21:45:00+00:00,2026-09-16T23:45:00+02:00,2026-09-16T23:50:00+02:00,up,#52d273,2026-09-16T23:55:33+00:00,300,approximate-nominal-axis
2026-09-16T21:50:00+00:00,2026-09-16T23:50:00+02:00,2026-09-16T23:55:00+02:00,up,#52d273,2026-09-16T23:55:33+00:00,300,approximate-nominal-axis
2026-09-16T21:55:00+00:00,2026-09-16T23:55:00+02:00,2026-09-17T00:00:00+02:00,up,#52d273,2026-09-16T23:55:33+00:00,300,approximate-nominal-axis
2026-09-16T22:00:00+00:00,2026-09-17T00:00:00+02:00,2026-09-17T00:05:00+02:00,up,#52d273,2026-09-16T23:55:33+00:00,300,approximate-nominal-axis
2026-09-16T22:05:00+00:00,2026-09-17T00:05:00+02:00,2026-09-17T00:10:00+02:00,up,#52d273,2026-09-16T23:55:33+00:00,300,approximate-nominal-axis
2026-09-16T22:10:00+00:00,2026-09-17T00:10:00+02:00,2026-09-17T00:15:00+02:00,up,#52d273,2026-09-16T23:55:33+00:00,300,approximate-nominal-axis
2026-09-16T22:15:00+00:00,2026-09-17T00:15:00+02:00,2026-09-17T00:20:00+02:00,up,#52d273,2026-09-16T23:55:33+00:00,300,approximate-nominal-axis
2026-09-16T22:20:00+00:00,2026-09-17T00:20:00+02:00,2026-09-17T00:25:00+02:00,up,#52d273,2026-09-16T23:55:33+00:00,300,approximate-nominal-axis
2026-09-16T22:25:00+00:00,2026-09-17T00:25:00+02:00,2026-09-17T00:30:00+02:00,up,#52d273,2026-09-16T23:55:33+00:00,300,approximate-nominal-axis
2026-09-16T22:30:00+00:00,2026-09-17T00:30:00+02:00,2026-09-17T00:35:00+02:00,up,#52d273,2026-09-16T23:55:33+00:00,300,approximate-nominal-axis
2026-09-16T22:35:00+00:00,2026-09-17T00:35:00+02:00,2026-09-17T00:40:00+02:00,up,#52d273,2026-09-16T23:55:33+00:00,300,approximate-nominal-axis
2026-09-16T22:40:00+00:00,2026-09-17T00:40:00+02:00,2026-09-17T00:45:00+02:00,up,#52d273,2026-09-16T23:55:33+00:00,300,approximate-nominal-axis
2026-09-16T22:45:00+00:00,2026-09-17T00:45:00+02:00,2026-09-17T00:50:00+02:00,up,#52d273,2026-09-16T23:55:33+00:00,300,approximate-nominal-axis
2026-09-16T22:50:00+00:00,2026-09-17T00:50:00+02:00,2026-09-17T00:55:00+02:00,up,#52d273,2026-09-16T23:55:33+00:00,300,approximate-nominal-axis
2026-09-16T22:55:00+00:00,2026-09-17T00:55:00+02:00,2026-09-17T01:00:00+02:00,up,#52d273,2026-09-16T23:55:33+00:00,300,approximate-nominal-axis
2026-09-16T23:00:00+00:00,2026-09-17T01:00:00+02:00,2026-09-17T01:05:00+02:00,up,#52d273,2026-09-16T23:55:33+00:00,300,approximate-nominal-axis
2026-09-16T23:05:00+00:00,2026-09-17T01:05:00+02:00,2026-09-17T01:10:00+02:00,up,#52d273,2026-09-16T23:55:33+00:00,300,approximate-nominal-axis
2026-09-16T23:10:00+00:00,2026-09-17T01:10:00+02:00,2026-09-17T01:15:00+02:00,up,#52d273,2026-09-16T23:55:33+00:00,300,approximate-nominal-axis
2026-09-16T23:15:00+00:00,2026-09-17T01:15:00+02:00,2026-09-17T01:20:00+02:00,up,#52d273,2026-09-16T23:55:33+00:00,300,approximate-nominal-axis
2026-09-16T23:20:00+00:00,2026-09-17T01:20:00+02:00,2026-09-17T01:25:00+02:00,up,#52d273,2026-09-16T23:55:33+00:00,300,approximate-nominal-axis
2026-09-16T23:25:00+00:00,2026-09-17T01:25:00+02:00,2026-09-17T01:30:00+02:00,up,#52d273,2026-09-16T23:55:33+00:00,300,approximate-nominal-axis
2026-09-16T23:30:00+00:00,2026-09-17T01:30:00+02:00,2026-09-17T01:35:00+02:00,up,#52d273,2026-09-16T23:55:33+00:00,300,approximate-nominal-axis
2026-09-16T23:35:00+00:00,2026-09-17T01:35:00+02:00,2026-09-17T01:40:00+02:00,up,#52d273,2026-09-16T23:55:33+00:00,300,approximate-nominal-axis
2026-09-16T23:40:00+00:00,2026-09-17T01:40:00+02:00,2026-09-17T01:45:00+02:00,up,#52d273,2026-09-16T23:55:33+00:00,300,approximate-nominal-axis
2026-09-16T23:45:00+00:00,2026-09-17T01:45:00+02:00,2026-09-17T01:50:00+02:00,up,#52d273,2026-09-16T23:55:33+00:00,300,approximate-nominal-axis
2026-09-16T23:50:00+00:00,2026-09-17T01:50:00+02:00,2026-09-17T01:55:00+02:00,up,#52d273,2026-09-16T23:55:33+00:00,300,approximate-nominal-axis
2026-09-17T08:05:00+00:00,2026-09-17T10:05:00+02:00,2026-09-17T10:10:00+02:00,down,#dc3545,2026-09-17T12:08:32+00:00,300,approximate-nominal-axis
2026-09-17T08:10:00+00:00,2026-09-17T10:10:00+02:00,2026-09-17T10:15:00+02:00,down,#dc3545,2026-09-17T12:08:32+00:00,300,approximate-nominal-axis
2026-09-17T08:15:00+00:00,2026-09-17T10:15:00+02:00,2026-09-17T10:20:00+02:00,down,#dc3545,2026-09-17T12:08:32+00:00,300,approximate-nominal-axis
2026-09-17T08:20:00+00:00,2026-09-17T10:20:00+02:00,2026-09-17T10:25:00+02:00,down,#dc3545,2026-09-17T12:08:32+00:00,300,approximate-nominal-axis
2026-09-17T08:25:00+00:00,2026-09-17T10:25:00+02:00,2026-09-17T10:30:00+02:00,down,#dc3545,2026-09-17T12:08:32+00:00,300,approximate-nominal-axis
2026-09-17T08:30:00+00:00,2026-09-17T10:30:00+02:00,2026-09-17T10:35:00+02:00,down,#dc3545,2026-09-17T12:08:32+00:00,300,approximate-nominal-axis
2026-09-17T08:35:00+00:00,2026-09-17T10:35:00+02:00,2026-09-17T10:40:00+02:00,down,#dc3545,2026-09-17T12:08:32+00:00,300,approximate-nominal-axis
2026-09-17T08:40:00+00:00,2026-09-17T10:40:00+02:00,2026-09-17T10:45:00+02:00,down,#dc3545,2026-09-17T12:08:32+00:00,300,approximate-nominal-axis
2026-09-17T08:45:00+00:00,2026-09-17T10:45:00+02:00,2026-09-17T10:50:00+02:00,down,#dc3545,2026-09-17T12:08:32+00:00,300,approximate-nominal-axis
2026-09-17T08:50:00+00:00,2026-09-17T10:50:00+02:00,2026-09-17T10:55:00+02:00,down,#dc3545,2026-09-17T12:08:32+00:00,300,approximate-nominal-axis
2026-09-17T08:55:00+00:00,2026-09-17T10:55:00+02:00,2026-09-17T11:00:00+02:00,down,#dc3545,2026-09-17T12:08:32+00:00,300,approximate-nominal-axis
2026-09-17T09:00:00+00:00,2026-09-17T11:00:00+02:00,2026-09-17T11:05:00+02:00,down,#dc3545,2026-09-17T12:08:32+00:00,300,approximate-nominal-axis
2026-09-17T09:05:00+00:00,2026-09-17T11:05:00+02:00,2026-09-17T11:10:00+02:00,down,#dc3545,2026-09-17T12:08:32+00:00,300,approximate-nominal-axis
2026-09-17T09:10:00+00:00,2026-09-17T11:10:00+02:00,2026-09-17T11:15:00+02:00,down,#dc3545,2026-09-17T12:08:32+00:00,300,approximate-nominal-axis
2026-09-17T09:15:00+00:00,2026-09-17T11:15:00+02:00,2026-09-17T11:20:00+02:00,down,#dc3545,2026-09-17T12:08:32+00:00,300,approximate-nominal-axis
2026-09-17T09:20:00+00:00,2026-09-17T11:20:00+02:00,2026-09-17T11:25:00+02:00,down,#dc3545,2026-09-17T13:23:54+00:00,300,approximate-nominal-axis
2026-09-17T09:25:00+00:00,2026-09-17T11:25:00+02:00,2026-09-17T11:30:00+02:00,down,#dc3545,2026-09-17T13:23:54+00:00,300,approximate-nominal-axis
2026-09-17T09:30:00+00:00,2026-09-17T11:30:00+02:00,2026-09-17T11:35:00+02:00,down,#dc3545,2026-09-17T13:23:54+00:00,300,approximate-nominal-axis
2026-09-17T09:35:00+00:00,2026-09-17T11:35:00+02:00,2026-09-17T11:40:00+02:00,down,#dc3545,2026-09-17T13:23:54+00:00,300,approximate-nominal-axis
2026-09-17T09:40:00+00:00,2026-09-17T11:40:00+02:00,2026-09-17T11:45:00+02:00,down,#dc3545,2026-09-17T13:23:54+00:00,300,approximate-nominal-axis
2026-09-17T09:45:00+00:00,2026-09-17T11:45:00+02:00,2026-09-17T11:50:00+02:00,down,#dc3545,2026-09-17T13:23:54+00:00,300,approximate-nominal-axis
2026-09-17T09:50:00+00:00,2026-09-17T11:50:00+02:00,2026-09-17T11:55:00+02:00,down,#dc3545,2026-09-17T13:23:54+00:00,300,approximate-nominal-axis
2026-09-17T09:55:00+00:00,2026-09-17T11:55:00+02:00,2026-09-17T12:00:00+02:00,down,#dc3545,2026-09-17T13:23:54+00:00,300,approximate-nominal-axis
2026-09-17T10:00:00+00:00,2026-09-17T12:00:00+02:00,2026-09-17T12:05:00+02:00,down,#dc3545,2026-09-17T13:23:54+00:00,300,approximate-nominal-axis
2026-09-17T10:05:00+00:00,2026-09-17T12:05:00+02:00,2026-09-17T12:10:00+02:00,down,#dc3545,2026-09-17T13:23:54+00:00,300,approximate-nominal-axis
2026-09-17T10:10:00+00:00,2026-09-17T12:10:00+02:00,2026-09-17T12:15:00+02:00,down,#dc3545,2026-09-17T13:23:54+00:00,300,approximate-nominal-axis
2026-09-17T10:15:00+00:00,2026-09-17T12:15:00+02:00,2026-09-17T12:20:00+02:00,down,#dc3545,2026-09-17T13:23:54+00:00,300,approximate-nominal-axis
2026-09-17T10:20:00+00:00,2026-09-17T12:20:00+02:00,2026-09-17T12:25:00+02:00,down,#dc3545,2026-09-17T13:23:54+00:00,300,approximate-nominal-axis
2026-09-17T10:25:00+00:00,2026-09-17T12:25:00+02:00,2026-09-17T12:30:00+02:00,down,#dc3545,2026-09-17T13:23:54+00:00,300,approximate-nominal-axis
2026-09-17T10:30:00+00:00,2026-09-17T12:30:00+02:00,2026-09-17T12:35:00+02:00,down,#dc3545,2026-09-17T13:23:54+00:00,300,approximate-nominal-axis
2026-09-17T10:35:00+00:00,2026-09-17T12:35:00+02:00,2026-09-17T12:40:00+02:00,down,#dc3545,2026-09-17T13:23:54+00:00,300,approximate-nominal-axis
2026-09-17T10:40:00+00:00,2026-09-17T12:40:00+02:00,2026-09-17T12:45:00+02:00,down,#dc3545,2026-09-17T13:23:54+00:00,300,approximate-nominal-axis
2026-09-17T10:45:00+00:00,2026-09-17T12:45:00+02:00,2026-09-17T12:50:00+02:00,down,#dc3545,2026-09-17T13:23:54+00:00,300,approximate-nominal-axis
2026-09-17T10:50:00+00:00,2026-09-17T12:50:00+02:00,2026-09-17T12:55:00+02:00,down,#dc3545,2026-09-17T13:23:54+00:00,300,approximate-nominal-axis
2026-09-17T10:55:00+00:00,2026-09-17T12:55:00+02:00,2026-09-17T13:00:00+02:00,down,#dc3545,2026-09-17T13:23:54+00:00,300,approximate-nominal-axis
2026-09-17T11:00:00+00:00,2026-09-17T13:00:00+02:00,2026-09-17T13:05:00+02:00,down,#dc3545,2026-09-17T13:23:54+00:00,300,approximate-nominal-axis
2026-09-17T11:05:00+00:00,2026-09-17T13:05:00+02:00,2026-09-17T13:10:00+02:00,down,#dc3545,2026-09-17T13:23:54+00:00,300,approximate-nominal-axis
2026-09-17T11:10:00+00:00,2026-09-17T13:10:00+02:00,2026-09-17T13:15:00+02:00,up,#52d273,2026-09-17T13:23:54+00:00,300,approximate-nominal-axis
2026-09-17T11:15:00+00:00,2026-09-17T13:15:00+02:00,2026-09-17T13:20:00+02:00,up,#52d273,2026-09-17T13:23:54+00:00,300,approximate-nominal-axis
2026-09-17T11:20:00+00:00,2026-09-17T13:20:00+02:00,2026-09-17T13:25:00+02:00,up,#52d273,2026-09-17T13:23:54+00:00,300,approximate-nominal-axis
2026-09-17T11:25:00+00:00,2026-09-17T13:25:00+02:00,2026-09-17T13:30:00+02:00,down,#dc3545,2026-09-17T13:23:54+00:00,300,approximate-nominal-axis
2026-09-17T11:30:00+00:00,2026-09-17T13:30:00+02:00,2026-09-17T13:35:00+02:00,down,#dc3545,2026-09-17T13:23:54+00:00,300,approximate-nominal-axis
2026-09-17T11:35:00+00:00,2026-09-17T13:35:00+02:00,2026-09-17T13:40:00+02:00,up,#52d273,2026-09-17T13:23:54+00:00,300,approximate-nominal-axis
2026-09-17T11:40:00+00:00,2026-09-17T13:40:00+02:00,2026-09-17T13:45:00+02:00,up,#52d273,2026-09-17T13:23:54+00:00,300,approximate-nominal-axis
2026-09-17T11:45:00+00:00,2026-09-17T13:45:00+02:00,2026-09-17T13:50:00+02:00,down,#dc3545,2026-09-17T13:23:54+00:00,300,approximate-nominal-axis
2026-09-17T11:50:00+00:00,2026-09-17T13:50:00+02:00,2026-09-17T13:55:00+02:00,down,#dc3545,2026-09-17T13:23:54+00:00,300,approximate-nominal-axis
2026-09-17T11:55:00+00:00,2026-09-17T13:55:00+02:00,2026-09-17T14:00:00+02:00,down,#dc3545,2026-09-17T13:23:54+00:00,300,approximate-nominal-axis
2026-09-17T12:00:00+00:00,2026-09-17T14:00:00+02:00,2026-09-17T14:05:00+02:00,down,#dc3545,2026-09-17T13:23:54+00:00,300,approximate-nominal-axis
2026-09-17T12:05:00+00:00,2026-09-17T14:05:00+02:00,2026-09-17T14:10:00+02:00,up,#52d273,2026-09-17T13:23:54+00:00,300,approximate-nominal-axis
2026-09-17T12:10:00+00:00,2026-09-17T14:10:00+02:00,2026-09-17T14:15:00+02:00,down,#dc3545,2026-09-17T13:23:54+00:00,300,approximate-nominal-axis
2026-09-17T12:15:00+00:00,2026-09-17T14:15:00+02:00,2026-09-17T14:20:00+02:00,down,#dc3545,2026-09-17T13:23:54+00:00,300,approximate-nominal-axis
2026-09-17T12:20:00+00:00,2026-09-17T14:20:00+02:00,2026-09-17T14:25:00+02:00,down,#dc3545,2026-09-17T13:23:54+00:00,300,approximate-nominal-axis
2026-09-17T12:25:00+00:00,2026-09-17T14:25:00+02:00,2026-09-17T14:30:00+02:00,down,#dc3545,2026-09-17T13:23:54+00:00,300,approximate-nominal-axis
2026-09-17T12:30:00+00:00,2026-09-17T14:30:00+02:00,2026-09-17T14:35:00+02:00,down,#dc3545,2026-09-17T13:23:54+00:00,300,approximate-nominal-axis
2026-09-17T12:35:00+00:00,2026-09-17T14:35:00+02:00,2026-09-17T14:40:00+02:00,down,#dc3545,2026-09-17T13:23:54+00:00,300,approximate-nominal-axis
2026-09-17T12:40:00+00:00,2026-09-17T14:40:00+02:00,2026-09-17T14:45:00+02:00,down,#dc3545,2026-09-17T13:23:54+00:00,300,approximate-nominal-axis
2026-09-17T12:45:00+00:00,2026-09-17T14:45:00+02:00,2026-09-17T14:50:00+02:00,down,#dc3545,2026-09-17T13:23:54+00:00,300,approximate-nominal-axis
2026-09-17T12:50:00+00:00,2026-09-17T14:50:00+02:00,2026-09-17T14:55:00+02:00,up,#52d273,2026-09-17T13:23:54+00:00,300,approximate-nominal-axis
2026-09-17T12:55:00+00:00,2026-09-17T14:55:00+02:00,2026-09-17T15:00:00+02:00,up,#52d273,2026-09-17T13:23:54+00:00,300,approximate-nominal-axis
2026-09-17T13:00:00+00:00,2026-09-17T15:00:00+02:00,2026-09-17T15:05:00+02:00,up,#52d273,2026-09-17T13:23:54+00:00,300,approximate-nominal-axis
2026-09-17T13:05:00+00:00,2026-09-17T15:05:00+02:00,2026-09-17T15:10:00+02:00,up,#52d273,2026-09-17T13:23:54+00:00,300,approximate-nominal-axis
2026-09-17T13:10:00+00:00,2026-09-17T15:10:00+02:00,2026-09-17T15:15:00+02:00,up,#52d273,2026-09-17T13:23:54+00:00,300,approximate-nominal-axis
2026-09-17T13:15:00+00:00,2026-09-17T15:15:00+02:00,2026-09-17T15:20:00+02:00,up,#52d273,2026-09-17T13:23:54+00:00,300,approximate-nominal-axis
2026-09-19T21:55:00+00:00,2026-09-19T23:55:00+02:00,2026-09-20T00:00:00+02:00,up,#52d273,2026-09-20T01:55:30+00:00,300,approximate-nominal-axis
2026-09-19T22:00:00+00:00,2026-09-20T00:00:00+02:00,2026-09-20T00:05:00+02:00,up,#52d273,2026-09-20T01:55:30+00:00,300,approximate-nominal-axis
2026-09-19T22:05:00+00:00,2026-09-20T00:05:00+02:00,2026-09-20T00:10:00+02:00,up,#52d273,2026-09-20T01:55:30+00:00,300,approximate-nominal-axis
2026-09-19T22:10:00+00:00,2026-09-20T00:10:00+02:00,2026-09-20T00:15:00+02:00,up,#52d273,2026-09-20T01:55:30+00:00,300,approximate-nominal-axis
2026-09-19T22:15:00+00:00,2026-09-20T00:15:00+02:00,2026-09-20T00:20:00+02:00,up,#52d273,2026-09-20T01:55:30+00:00,300,approximate-nominal-axis
2026-09-19T22:20:00+00:00,2026-09-20T00:20:00+02:00,2026-09-20T00:25:00+02:00,up,#52d273,2026-09-20T01:55:30+00:00,300,approximate-nominal-axis
2026-09-19T22:25:00+00:00,2026-09-20T00:25:00+02:00,2026-09-20T00:30:00+02:00,up,#52d273,2026-09-20T01:55:30+00:00,300,approximate-nominal-axis
2026-09-19T22:30:00+00:00,2026-09-20T00:30:00+02:00,2026-09-20T00:35:00+02:00,up,#52d273,2026-09-20T01:55:30+00:00,300,approximate-nominal-axis
2026-09-19T22:35:00+00:00,2026-09-20T00:35:00+02:00,2026-09-20T00:40:00+02:00,up,#52d273,2026-09-20T01:55:30+00:00,300,approximate-nominal-axis
2026-09-19T22:40:00+00:00,2026-09-20T00:40:00+02:00,2026-09-20T00:45:00+02:00,up,#52d273,2026-09-20T01:55:30+00:00,300,approximate-nominal-axis
2026-09-19T22:45:00+00:00,2026-09-20T00:45:00+02:00,2026-09-20T00:50:00+02:00,up,#52d273,2026-09-20T01:55:30+00:00,300,approximate-nominal-axis
2026-09-19T22:50:00+00:00,2026-09-20T00:50:00+02:00,2026-09-20T00:55:00+02:00,up,#52d273,2026-09-20T01:55:30+00:00,300,approximate-nominal-axis
2026-09-19T22:55:00+00:00,2026-09-20T00:55:00+02:00,2026-09-20T01:00:00+02:00,up,#52d273,2026-09-20T01:55:30+00:00,300,approximate-nominal-axis
2026-09-19T23:00:00+00:00,2026-09-20T01:00:00+02:00,2026-09-20T01:05:00+02:00,up,#52d273,2026-09-20T01:55:30+00:00,300,approximate-nominal-axis
2026-09-19T23:05:00+00:00,2026-09-20T01:05:00+02:00,2026-09-20T01:10:00+02:00,up,#52d273,2026-09-20T01:55:30+00:00,300,approximate-nominal-axis
2026-09-19T23:10:00+00:00,2026-09-20T01:10:00+02:00,2026-09-20T01:15:00+02:00,up,#52d273,2026-09-20T01:55:30+00:00,300,approximate-nominal-axis
2026-09-19T23:15:00+00:00,2026-09-20T01:15:00+02:00,2026-09-20T01:20:00+02:00,up,#52d273,2026-09-20T01:55:30+00:00,300,approximate-nominal-axis
2026-09-19T23:20:00+00:00,2026-09-20T01:20:00+02:00,2026-09-20T01:25:00+02:00,up,#52d273,2026-09-20T01:55:30+00:00,300,approximate-nominal-axis
2026-09-19T23:25:00+00:00,2026-09-20T01:25:00+02:00,2026-09-20T01:30:00+02:00,up,#52d273,2026-09-20T01:55:30+00:00,300,approximate-nominal-axis
2026-09-19T23:30:00+00:00,2026-09-20T01:30:00+02:00,2026-09-20T01:35:00+02:00,up,#52d273,2026-09-20T01:55:30+00:00,300,approximate-nominal-axis
2026-09-19T23:35:00+00:00,2026-09-20T01:35:00+02:00,2026-09-20T01:40:00+02:00,up,#52d273,2026-09-20T01:55:30+00:00,300,approximate-nominal-axis
2026-09-19T23:40:00+00:00,2026-09-20T01:40:00+02:00,2026-09-20T01:45:00+02:00,up,#52d273,2026-09-20T01:55:30+00:00,300,approximate-nominal-axis
2026-09-19T23:45:00+00:00,2026-09-20T01:45:00+02:00,2026-09-20T01:50:00+02:00,up,#52d273,2026-09-20T01:55:30+00:00,300,approximate-nominal-axis
2026-09-19T23:50:00+00:00,2026-09-20T01:50:00+02:00,2026-09-20T01:55:00+02:00,up,#52d273,2026-09-20T01:55:30+00:00,300,approximate-nominal-axis
2026-09-19T23:55:00+00:00,2026-09-20T01:55:00+02:00,2026-09-20T02:00:00+02:00,up,#52d273,2026-09-20T01:55:30+00:00,300,approximate-nominal-axis
2026-09-20T00:00:00+00:00,2026-09-20T02:00:00+02:00,2026-09-20T02:05:00+02:00,up,#52d273,2026-09-20T01:55:30+00:00,300,approximate-nominal-axis
2026-09-20T00:05:00+00:00,2026-09-20T02:05:00+02:00,2026-09-20T02:10:00+02:00,up,#52d273,2026-09-20T01:55:30+00:00,300,approximate-nominal-axis
2026-09-20T00:10:00+00:00,2026-09-20T02:10:00+02:00,2026-09-20T02:15:00+02:00,up,#52d273,2026-09-20T01:55:30+00:00,300,approximate-nominal-axis
2026-09-20T00:15:00+00:00,2026-09-20T02:15:00+02:00,2026-09-20T02:20:00+02:00,up,#52d273,2026-09-20T01:55:30+00:00,300,approximate-nominal-axis
2026-09-20T00:20:00+00:00,2026-09-20T02:20:00+02:00,2026-09-20T02:25:00+02:00,up,#52d273,2026-09-20T01:55:30+00:00,300,approximate-nominal-axis
2026-09-20T00:25:00+00:00,2026-09-20T02:25:00+02:00,2026-09-20T02:30:00+02:00,up,#52d273,2026-09-20T01:55:30+00:00,300,approximate-nominal-axis
2026-09-20T00:30:00+00:00,2026-09-20T02:30:00+02:00,2026-09-20T02:35:00+02:00,up,#52d273,2026-09-20T01:55:30+00:00,300,approximate-nominal-axis
2026-09-20T00:35:00+00:00,2026-09-20T02:35:00+02:00,2026-09-20T02:40:00+02:00,up,#52d273,2026-09-20T01:55:30+00:00,300,approximate-nominal-axis
2026-09-20T00:40:00+00:00,2026-09-20T02:40:00+02:00,2026-09-20T02:45:00+02:00,up,#52d273,2026-09-20T01:55:30+00:00,300,approximate-nominal-axis
2026-09-20T00:45:00+00:00,2026-09-20T02:45:00+02:00,2026-09-20T02:50:00+02:00,up,#52d273,2026-09-20T01:55:30+00:00,300,approximate-nominal-axis
2026-09-20T00:50:00+00:00,2026-09-20T02:50:00+02:00,2026-09-20T02:55:00+02:00,up,#52d273,2026-09-20T01:55:30+00:00,300,approximate-nominal-axis
2026-09-20T00:55:00+00:00,2026-09-20T02:55:00+02:00,2026-09-20T03:00:00+02:00,up,#52d273,2026-09-20T01:55:30+00:00,300,approximate-nominal-axis
2026-09-20T01:00:00+00:00,2026-09-20T03:00:00+02:00,2026-09-20T03:05:00+02:00,up,#52d273,2026-09-20T01:55:30+00:00,300,approximate-nominal-axis
2026-09-20T01:05:00+00:00,2026-09-20T03:05:00+02:00,2026-09-20T03:10:00+02:00,up,#52d273,2026-09-20T01:55:30+00:00,300,approximate-nominal-axis
2026-09-20T01:10:00+00:00,2026-09-20T03:10:00+02:00,2026-09-20T03:15:00+02:00,up,#52d273,2026-09-20T01:55:30+00:00,300,approximate-nominal-axis
2026-09-20T01:15:00+00:00,2026-09-20T03:15:00+02:00,2026-09-20T03:20:00+02:00,up,#52d273,2026-09-20T01:55:30+00:00,300,approximate-nominal-axis
2026-09-20T01:20:00+00:00,2026-09-20T03:20:00+02:00,2026-09-20T03:25:00+02:00,up,#52d273,2026-09-20T01:55:30+00:00,300,approximate-nominal-axis
2026-09-20T01:25:00+00:00,2026-09-20T03:25:00+02:00,2026-09-20T03:30:00+02:00,up,#52d273,2026-09-20T01:55:30+00:00,300,approximate-nominal-axis
2026-09-20T01:30:00+00:00,2026-09-20T03:30:00+02:00,2026-09-20T03:35:00+02:00,up,#52d273,2026-09-20T01:55:30+00:00,300,approximate-nominal-axis
2026-09-20T01:35:00+00:00,2026-09-20T03:35:00+02:00,2026-09-20T03:40:00+02:00,up,#52d273,2026-09-20T01:55:30+00:00,300,approximate-nominal-axis
2026-09-20T01:40:00+00:00,2026-09-20T03:40:00+02:00,2026-09-20T03:45:00+02:00,up,#52d273,2026-09-20T01:55:30+00:00,300,approximate-nominal-axis
2026-09-20T01:45:00+00:00,2026-09-20T03:45:00+02:00,2026-09-20T03:50:00+02:00,up,#52d273,2026-09-20T01:55:30+00:00,300,approximate-nominal-axis
2026-09-20T01:50:00+00:00,2026-09-20T03:50:00+02:00,2026-09-20T03:55:00+02:00,up,#52d273,2026-09-20T01:55:30+00:00,300,approximate-nominal-axis
2026-09-20T08:55:00+00:00,2026-09-20T10:55:00+02:00,2026-09-20T11:00:00+02:00,up,#52d273,2026-09-20T12:55:45+00:00,300,approximate-nominal-axis
2026-09-20T09:00:00+00:00,2026-09-20T11:00:00+02:00,2026-09-20T11:05:00+02:00,up,#52d273,2026-09-20T12:55:45+00:00,300,approximate-nominal-axis
2026-09-20T09:05:00+00:00,2026-09-20T11:05:00+02:00,2026-09-20T11:10:00+02:00,up,#52d273,2026-09-20T12:55:45+00:00,300,approximate-nominal-axis
2026-09-20T09:10:00+00:00,2026-09-20T11:10:00+02:00,2026-09-20T11:15:00+02:00,up,#52d273,2026-09-20T12:55:45+00:00,300,approximate-nominal-axis
2026-09-20T09:15:00+00:00,2026-09-20T11:15:00+02:00,2026-09-20T11:20:00+02:00,up,#52d273,2026-09-20T12:55:45+00:00,300,approximate-nominal-axis
2026-09-20T09:20:00+00:00,2026-09-20T11:20:00+02:00,2026-09-20T11:25:00+02:00,up,#52d273,2026-09-20T12:55:45+00:00,300,approximate-nominal-axis
2026-09-20T09:25:00+00:00,2026-09-20T11:25:00+02:00,2026-09-20T11:30:00+02:00,up,#52d273,2026-09-20T12:55:45+00:00,300,approximate-nominal-axis
2026-09-20T09:30:00+00:00,2026-09-20T11:30:00+02:00,2026-09-20T11:35:00+02:00,up,#52d273,2026-09-20T12:55:45+00:00,300,approximate-nominal-axis
2026-09-20T09:35:00+00:00,2026-09-20T11:35:00+02:00,2026-09-20T11:40:00+02:00,up,#52d273,2026-09-20T12:55:45+00:00,300,approximate-nominal-axis
2026-09-20T09:40:00+00:00,2026-09-20T11:40:00+02:00,2026-09-20T11:45:00+02:00,up,#52d273,2026-09-20T12:55:45+00:00,300,approximate-nominal-axis
2026-09-20T09:45:00+00:00,2026-09-20T11:45:00+02:00,2026-09-20T11:50:00+02:00,up,#52d273,2026-09-20T12:55:45+00:00,300,approximate-nominal-axis
2026-09-20T09:50:00+00:00,2026-09-20T11:50:00+02:00,2026-09-20T11:55:00+02:00,up,#52d273,2026-09-20T12:55:45+00:00,300,approximate-nominal-axis
2026-09-20T09:55:00+00:00,2026-09-20T11:55:00+02:00,2026-09-20T12:00:00+02:00,up,#52d273,2026-09-20T12:55:45+00:00,300,approximate-nominal-axis
2026-09-20T10:00:00+00:00,2026-09-20T12:00:00+02:00,2026-09-20T12:05:00+02:00,up,#52d273,2026-09-20T12:55:45+00:00,300,approximate-nominal-axis
2026-09-20T10:05:00+00:00,2026-09-20T12:05:00+02:00,2026-09-20T12:10:00+02:00,up,#52d273,2026-09-20T12:55:45+00:00,300,approximate-nominal-axis
2026-09-20T10:10:00+00:00,2026-09-20T12:10:00+02:00,2026-09-20T12:15:00+02:00,up,#52d273,2026-09-20T12:55:45+00:00,300,approximate-nominal-axis
2026-09-20T10:15:00+00:00,2026-09-20T12:15:00+02:00,2026-09-20T12:20:00+02:00,up,#52d273,2026-09-20T12:55:45+00:00,300,approximate-nominal-axis
2026-09-20T10:20:00+00:00,2026-09-20T12:20:00+02:00,2026-09-20T12:25:00+02:00,up,#52d273,2026-09-20T12:55:45+00:00,300,approximate-nominal-axis
2026-09-20T10:25:00+00:00,2026-09-20T12:25:00+02:00,2026-09-20T12:30:00+02:00,up,#52d273,2026-09-20T12:55:45+00:00,300,approximate-nominal-axis
2026-09-20T10:30:00+00:00,2026-09-20T12:30:00+02:00,2026-09-20T12:35:00+02:00,up,#52d273,2026-09-20T12:55:45+00:00,300,approximate-nominal-axis
2026-09-20T10:35:00+00:00,2026-09-20T12:35:00+02:00,2026-09-20T12:40:00+02:00,up,#52d273,2026-09-20T12:55:45+00:00,300,approximate-nominal-axis
2026-09-20T10:40:00+00:00,2026-09-20T12:40:00+02:00,2026-09-20T12:45:00+02:00,up,#52d273,2026-09-20T12:55:45+00:00,300,approximate-nominal-axis
2026-09-20T10:45:00+00:00,2026-09-20T12:45:00+02:00,2026-09-20T12:50:00+02:00,up,#52d273,2026-09-20T12:55:45+00:00,300,approximate-nominal-axis
2026-09-20T10:50:00+00:00,2026-09-20T12:50:00+02:00,2026-09-20T12:55:00+02:00,up,#52d273,2026-09-20T12:55:45+00:00,300,approximate-nominal-axis
2026-09-20T10:55:00+00:00,2026-09-20T12:55:00+02:00,2026-09-20T13:00:00+02:00,up,#52d273,2026-09-20T12:55:45+00:00,300,approximate-nominal-axis
2026-09-20T11:00:00+00:00,2026-09-20T13:00:00+02:00,2026-09-20T13:05:00+02:00,up,#52d273,2026-09-20T12:55:45+00:00,300,approximate-nominal-axis
2026-09-20T11:05:00+00:00,2026-09-20T13:05:00+02:00,2026-09-20T13:10:00+02:00,up,#52d273,2026-09-20T12:55:45+00:00,300,approximate-nominal-axis
2026-09-20T11:10:00+00:00,2026-09-20T13:10:00+02:00,2026-09-20T13:15:00+02:00,up,#52d273,2026-09-20T12:55:45+00:00,300,approximate-nominal-axis
2026-09-20T11:15:00+00:00,2026-09-20T13:15:00+02:00,2026-09-20T13:20:00+02:00,up,#52d273,2026-09-20T12:55:45+00:00,300,approximate-nominal-axis
2026-09-20T11:20:00+00:00,2026-09-20T13:20:00+02:00,2026-09-20T13:25:00+02:00,up,#52d273,2026-09-20T12:55:45+00:00,300,approximate-nominal-axis
2026-09-20T11:25:00+00:00,2026-09-20T13:25:00+02:00,2026-09-20T13:30:00+02:00,up,#52d273,2026-09-20T12:55:45+00:00,300,approximate-nominal-axis
2026-09-20T11:30:00+00:00,2026-09-20T13:30:00+02:00,2026-09-20T13:35:00+02:00,up,#52d273,2026-09-20T12:55:45+00:00,300,approximate-nominal-axis
2026-09-20T11:35:00+00:00,2026-09-20T13:35:00+02:00,2026-09-20T13:40:00+02:00,up,#52d273,2026-09-20T12:55:45+00:00,300,approximate-nominal-axis
2026-09-20T11:40:00+00:00,2026-09-20T13:40:00+02:00,2026-09-20T13:45:00+02:00,up,#52d273,2026-09-20T12:55:45+00:00,300,approximate-nominal-axis
2026-09-20T11:45:00+00:00,2026-09-20T13:45:00+02:00,2026-09-20T13:50:00+02:00,up,#52d273,2026-09-20T12:55:45+00:00,300,approximate-nominal-axis
2026-09-20T11:50:00+00:00,2026-09-20T13:50:00+02:00,2026-09-20T13:55:00+02:00,up,#52d273,2026-09-20T12:55:45+00:00,300,approximate-nominal-axis
2026-09-20T11:55:00+00:00,2026-09-20T13:55:00+02:00,2026-09-20T14:00:00+02:00,up,#52d273,2026-09-20T12:55:45+00:00,300,approximate-nominal-axis
2026-09-20T12:00:00+00:00,2026-09-20T14:00:00+02:00,2026-09-20T14:05:00+02:00,up,#52d273,2026-09-20T12:55:45+00:00,300,approximate-nominal-axis
2026-09-20T12:05:00+00:00,2026-09-20T14:05:00+02:00,2026-09-20T14:10:00+02:00,up,#52d273,2026-09-20T12:55:45+00:00,300,approximate-nominal-axis
2026-09-20T12:10:00+00:00,2026-09-20T14:10:00+02:00,2026-09-20T14:15:00+02:00,up,#52d273,2026-09-20T12:55:45+00:00,300,approximate-nominal-axis
2026-09-20T12:15:00+00:00,2026-09-20T14:15:00+02:00,2026-09-20T14:20:00+02:00,up,#52d273,2026-09-20T12:55:45+00:00,300,approximate-nominal-axis
2026-09-20T12:20:00+00:00,2026-09-20T14:20:00+02:00,2026-09-20T14:25:00+02:00,up,#52d273,2026-09-20T12:55:45+00:00,300,approximate-nominal-axis
2026-09-20T12:25:00+00:00,2026-09-20T14:25:00+02:00,2026-09-20T14:30:00+02:00,up,#52d273,2026-09-20T12:55:45+00:00,300,approximate-nominal-axis
2026-09-20T12:30:00+00:00,2026-09-20T14:30:00+02:00,2026-09-20T14:35:00+02:00,up,#52d273,2026-09-20T12:55:45+00:00,300,approximate-nominal-axis
2026-09-20T12:35:00+00:00,2026-09-20T14:35:00+02:00,2026-09-20T14:40:00+02:00,up,#52d273,2026-09-20T12:55:45+00:00,300,approximate-nominal-axis
2026-09-20T12:40:00+00:00,2026-09-20T14:40:00+02:00,2026-09-20T14:45:00+02:00,up,#52d273,2026-09-20T12:55:45+00:00,300,approximate-nominal-axis
2026-09-20T12:45:00+00:00,2026-09-20T14:45:00+02:00,2026-09-20T14:50:00+02:00,up,#52d273,2026-09-20T12:55:45+00:00,300,approximate-nominal-axis
2026-09-20T12:50:00+00:00,2026-09-20T14:50:00+02:00,2026-09-20T14:55:00+02:00,up,#52d273,2026-09-20T12:55:45+00:00,300,approximate-nominal-axis
2026-09-25T03:55:00+00:00,2026-09-25T05:55:00+02:00,2026-09-25T06:00:00+02:00,up,#52d273,2026-09-25T07:59:29+00:00,300,approximate-nominal-axis
2026-09-25T04:00:00+00:00,2026-09-25T06:00:00+02:00,2026-09-25T06:05:00+02:00,up,#52d273,2026-09-25T07:59:29+00:00,300,approximate-nominal-axis
2026-09-25T04:05:00+00:00,2026-09-25T06:05:00+02:00,2026-09-25T06:10:00+02:00,up,#52d273,2026-09-25T07:59:29+00:00,300,approximate-nominal-axis
2026-09-25T04:10:00+00:00,2026-09-25T06:10:00+02:00,2026-09-25T06:15:00+02:00,up,#52d273,2026-09-25T07:59:29+00:00,300,approximate-nominal-axis
2026-09-25T04:15:00+00:00,2026-09-25T06:15:00+02:00,2026-09-25T06:20:00+02:00,up,#52d273,2026-09-25T07:59:29+00:00,300,approximate-nominal-axis
2026-09-25T04:20:00+00:00,2026-09-25T06:20:00+02:00,2026-09-25T06:25:00+02:00,up,#52d273,2026-09-25T07:59:29+00:00,300,approximate-nominal-axis
2026-09-25T04:25:00+00:00,2026-09-25T06:25:00+02:00,2026-09-25T06:30:00+02:00,up,#52d273,2026-09-25T07:59:29+00:00,300,approximate-nominal-axis
2026-09-25T04:30:00+00:00,2026-09-25T06:30:00+02:00,2026-09-25T06:35:00+02:00,up,#52d273,2026-09-25T07:59:29+00:00,300,approximate-nominal-axis
2026-09-25T04:35:00+00:00,2026-09-25T06:35:00+02:00,2026-09-25T06:40:00+02:00,up,#52d273,2026-09-25T07:59:29+00:00,300,approximate-nominal-axis
2026-09-25T04:40:00+00:00,2026-09-25T06:40:00+02:00,2026-09-25T06:45:00+02:00,down,#dc3545,2026-09-25T07:59:29+00:00,300,approximate-nominal-axis
2026-09-25T04:45:00+00:00,2026-09-25T06:45:00+02:00,2026-09-25T06:50:00+02:00,down,#dc3545,2026-09-25T07:59:29+00:00,300,approximate-nominal-axis
2026-09-25T04:50:00+00:00,2026-09-25T06:50:00+02:00,2026-09-25T06:55:00+02:00,up,#52d273,2026-09-25T07:59:29+00:00,300,approximate-nominal-axis
2026-09-25T04:55:00+00:00,2026-09-25T06:55:00+02:00,2026-09-25T07:00:00+02:00,up,#52d273,2026-09-25T07:59:29+00:00,300,approximate-nominal-axis
2026-09-25T05:00:00+00:00,2026-09-25T07:00:00+02:00,2026-09-25T07:05:00+02:00,up,#52d273,2026-09-25T07:59:29+00:00,300,approximate-nominal-axis
2026-09-25T05:05:00+00:00,2026-09-25T07:05:00+02:00,2026-09-25T07:10:00+02:00,up,#52d273,2026-09-25T07:59:29+00:00,300,approximate-nominal-axis
2026-09-25T05:10:00+00:00,2026-09-25T07:10:00+02:00,2026-09-25T07:15:00+02:00,up,#52d273,2026-09-25T07:59:29+00:00,300,approximate-nominal-axis
2026-09-25T05:15:00+00:00,2026-09-25T07:15:00+02:00,2026-09-25T07:20:00+02:00,up,#52d273,2026-09-25T07:59:29+00:00,300,approximate-nominal-axis
2026-09-25T05:20:00+00:00,2026-09-25T07:20:00+02:00,2026-09-25T07:25:00+02:00,down,#dc3545,2026-09-25T07:59:29+00:00,300,approximate-nominal-axis
2026-09-25T05:25:00+00:00,2026-09-25T07:25:00+02:00,2026-09-25T07:30:00+02:00,down,#dc3545,2026-09-25T07:59:29+00:00,300,approximate-nominal-axis
2026-09-25T05:30:00+00:00,2026-09-25T07:30:00+02:00,2026-09-25T07:35:00+02:00,up,#52d273,2026-09-25T07:59:29+00:00,300,approximate-nominal-axis
2026-09-25T05:35:00+00:00,2026-09-25T07:35:00+02:00,2026-09-25T07:40:00+02:00,up,#52d273,2026-09-25T07:59:29+00:00,300,approximate-nominal-axis
2026-09-25T05:40:00+00:00,2026-09-25T07:40:00+02:00,2026-09-25T07:45:00+02:00,down,#dc3545,2026-09-25T07:59:29+00:00,300,approximate-nominal-axis
2026-09-25T05:45:00+00:00,2026-09-25T07:45:00+02:00,2026-09-25T07:50:00+02:00,down,#dc3545,2026-09-25T07:59:29+00:00,300,approximate-nominal-axis
2026-09-25T05:50:00+00:00,2026-09-25T07:50:00+02:00,2026-09-25T07:55:00+02:00,up,#52d273,2026-09-25T07:59:29+00:00,300,approximate-nominal-axis
2026-09-25T05:55:00+00:00,2026-09-25T07:55:00+02:00,2026-09-25T08:00:00+02:00,up,#52d273,2026-09-25T07:59:29+00:00,300,approximate-nominal-axis
2026-09-25T06:00:00+00:00,2026-09-25T08:00:00+02:00,2026-09-25T08:05:00+02:00,down,#dc3545,2026-09-25T07:59:29+00:00,300,approximate-nominal-axis
2026-09-25T06:05:00+00:00,2026-09-25T08:05:00+02:00,2026-09-25T08:10:00+02:00,down,#dc3545,2026-09-25T07:59:29+00:00,300,approximate-nominal-axis
2026-09-25T06:10:00+00:00,2026-09-25T08:10:00+02:00,2026-09-25T08:15:00+02:00,down,#dc3545,2026-09-25T07:59:29+00:00,300,approximate-nominal-axis
2026-09-25T06:15:00+00:00,2026-09-25T08:15:00+02:00,2026-09-25T08:20:00+02:00,down,#dc3545,2026-09-25T07:59:29+00:00,300,approximate-nominal-axis
2026-09-25T06:20:00+00:00,2026-09-25T08:20:00+02:00,2026-09-25T08:25:00+02:00,up,#52d273,2026-09-25T07:59:29+00:00,300,approximate-nominal-axis
2026-09-25T06:25:00+00:00,2026-09-25T08:25:00+02:00,2026-09-25T08:30:00+02:00,down,#dc3545,2026-09-25T07:59:29+00:00,300,approximate-nominal-axis
2026-09-25T06:30:00+00:00,2026-09-25T08:30:00+02:00,2026-09-25T08:35:00+02:00,down,#dc3545,2026-09-25T07:59:29+00:00,300,approximate-nominal-axis
2026-09-25T06:35:00+00:00,2026-09-25T08:35:00+02:00,2026-09-25T08:40:00+02:00,down,#dc3545,2026-09-25T07:59:29+00:00,300,approximate-nominal-axis
2026-09-25T06:40:00+00:00,2026-09-25T08:40:00+02:00,2026-09-25T08:45:00+02:00,down,#dc3545,2026-09-25T07:59:29+00:00,300,approximate-nominal-axis
2026-09-25T06:45:00+00:00,2026-09-25T08:45:00+02:00,2026-09-25T08:50:00+02:00,down,#dc3545,2026-09-25T07:59:29+00:00,300,approximate-nominal-axis
2026-09-25T06:50:00+00:00,2026-09-25T08:50:00+02:00,2026-09-25T08:55:00+02:00,down,#dc3545,2026-09-25T07:59:29+00:00,300,approximate-nominal-axis
2026-09-25T06:55:00+00:00,2026-09-25T08:55:00+02:00,2026-09-25T09:00:00+02:00,up,#52d273,2026-09-25T07:59:29+00:00,300,approximate-nominal-axis
2026-09-25T07:00:00+00:00,2026-09-25T09:00:00+02:00,2026-09-25T09:05:00+02:00,down,#dc3545,2026-09-25T07:59:29+00:00,300,approximate-nominal-axis
2026-09-25T07:05:00+00:00,2026-09-25T09:05:00+02:00,2026-09-25T09:10:00+02:00,down,#dc3545,2026-09-25T07:59:29+00:00,300,approximate-nominal-axis
2026-09-25T07:10:00+00:00,2026-09-25T09:10:00+02:00,2026-09-25T09:15:00+02:00,up,#52d273,2026-09-25T07:59:29+00:00,300,approximate-nominal-axis
2026-09-25T07:15:00+00:00,2026-09-25T09:15:00+02:00,2026-09-25T09:20:00+02:00,up,#52d273,2026-09-25T07:59:29+00:00,300,approximate-nominal-axis
2026-09-25T07:20:00+00:00,2026-09-25T09:20:00+02:00,2026-09-25T09:25:00+02:00,up,#52d273,2026-09-25T07:59:29+00:00,300,approximate-nominal-axis
2026-09-25T07:25:00+00:00,2026-09-25T09:25:00+02:00,2026-09-25T09:30:00+02:00,up,#52d273,2026-09-25T07:59:29+00:00,300,approximate-nominal-axis
2026-09-25T07:30:00+00:00,2026-09-25T09:30:00+02:00,2026-09-25T09:35:00+02:00,up,#52d273,2026-09-25T07:59:29+00:00,300,approximate-nominal-axis
2026-09-25T07:35:00+00:00,2026-09-25T09:35:00+02:00,2026-09-25T09:40:00+02:00,up,#52d273,2026-09-25T07:59:29+00:00,300,approximate-nominal-axis
2026-09-25T07:40:00+00:00,2026-09-25T09:40:00+02:00,2026-09-25T09:45:00+02:00,up,#52d273,2026-09-25T07:59:29+00:00,300,approximate-nominal-axis
2026-09-25T07:45:00+00:00,2026-09-25T09:45:00+02:00,2026-09-25T09:50:00+02:00,up,#52d273,2026-09-25T07:59:29+00:00,300,approximate-nominal-axis
2026-09-25T07:50:00+00:00,2026-09-25T09:50:00+02:00,2026-09-25T09:55:00+02:00,up,#52d273,2026-09-25T07:59:29+00:00,300,approximate-nominal-axis
2026-09-29T14:50:00+00:00,2026-09-29T16:50:00+02:00,2026-09-29T16:55:00+02:00,down,#dc3545,2026-09-29T18:52:25+00:00,300,approximate-nominal-axis
2026-09-29T14:55:00+00:00,2026-09-29T16:55:00+02:00,2026-09-29T17:00:00+02:00,down,#dc3545,2026-09-29T18:52:25+00:00,300,approximate-nominal-axis
2026-09-29T15:00:00+00:00,2026-09-29T17:00:00+02:00,2026-09-29T17:05:00+02:00,down,#dc3545,2026-09-29T18:52:25+00:00,300,approximate-nominal-axis
2026-09-29T15:05:00+00:00,2026-09-29T17:05:00+02:00,2026-09-29T17:10:00+02:00,down,#dc3545,2026-09-29T18:52:25+00:00,300,approximate-nominal-axis
2026-09-29T15:10:00+00:00,2026-09-29T17:10:00+02:00,2026-09-29T17:15:00+02:00,down,#dc3545,2026-09-29T18:52:25+00:00,300,approximate-nominal-axis
2026-09-29T15:15:00+00:00,2026-09-29T17:15:00+02:00,2026-09-29T17:20:00+02:00,down,#dc3545,2026-09-29T18:52:25+00:00,300,approximate-nominal-axis
2026-09-29T15:20:00+00:00,2026-09-29T17:20:00+02:00,2026-09-29T17:25:00+02:00,down,#dc3545,2026-09-29T18:52:25+00:00,300,approximate-nominal-axis
2026-09-29T15:25:00+00:00,2026-09-29T17:25:00+02:00,2026-09-29T17:30:00+02:00,down,#dc3545,2026-09-29T18:52:25+00:00,300,approximate-nominal-axis
2026-09-29T15:30:00+00:00,2026-09-29T17:30:00+02:00,2026-09-29T17:35:00+02:00,down,#dc3545,2026-09-29T18:52:25+00:00,300,approximate-nominal-axis
2026-09-29T15:35:00+00:00,2026-09-29T17:35:00+02:00,2026-09-29T17:40:00+02:00,down,#dc3545,2026-09-29T18:52:25+00:00,300,approximate-nominal-axis
2026-09-29T15:40:00+00:00,2026-09-29T17:40:00+02:00,2026-09-29T17:45:00+02:00,down,#dc3545,2026-09-29T18:52:25+00:00,300,approximate-nominal-axis
2026-09-29T15:45:00+00:00,2026-09-29T17:45:00+02:00,2026-09-29T17:50:00+02:00,down,#dc3545,2026-09-29T18:52:25+00:00,300,approximate-nominal-axis
2026-09-29T15:50:00+00:00,2026-09-29T17:50:00+02:00,2026-09-29T17:55:00+02:00,down,#dc3545,2026-09-29T18:52:25+00:00,300,approximate-nominal-axis
2026-09-29T15:55:00+00:00,2026-09-29T17:55:00+02:00,2026-09-29T18:00:00+02:00,down,#dc3545,2026-09-29T18:52:25+00:00,300,approximate-nominal-axis
2026-09-29T16:00:00+00:00,2026-09-29T18:00:00+02:00,2026-09-29T18:05:00+02:00,down,#dc3545,2026-09-29T18:52:25+00:00,300,approximate-nominal-axis
2026-09-29T16:05:00+00:00,2026-09-29T18:05:00+02:00,2026-09-29T18:10:00+02:00,down,#dc3545,2026-09-29T18:52:25+00:00,300,approximate-nominal-axis
2026-09-29T16:10:00+00:00,2026-09-29T18:10:00+02:00,2026-09-29T18:15:00+02:00,down,#dc3545,2026-09-29T18:52:25+00:00,300,approximate-nominal-axis
2026-09-29T16:15:00+00:00,2026-09-29T18:15:00+02:00,2026-09-29T18:20:00+02:00,down,#dc3545,2026-09-29T18:52:25+00:00,300,approximate-nominal-axis
2026-09-29T16:20:00+00:00,2026-09-29T18:20:00+02:00,2026-09-29T18:25:00+02:00,down,#dc3545,2026-09-29T20:22:25+00:00,300,approximate-nominal-axis
2026-09-29T16:25:00+00:00,2026-09-29T18:25:00+02:00,2026-09-29T18:30:00+02:00,down,#dc3545,2026-09-29T20:22:25+00:00,300,approximate-nominal-axis
2026-09-29T16:30:00+00:00,2026-09-29T18:30:00+02:00,2026-09-29T18:35:00+02:00,down,#dc3545,2026-09-29T20:22:25+00:00,300,approximate-nominal-axis
2026-09-29T16:35:00+00:00,2026-09-29T18:35:00+02:00,2026-09-29T18:40:00+02:00,down,#dc3545,2026-09-29T20:22:25+00:00,300,approximate-nominal-axis
2026-09-29T16:40:00+00:00,2026-09-29T18:40:00+02:00,2026-09-29T18:45:00+02:00,down,#dc3545,2026-09-29T20:22:25+00:00,300,approximate-nominal-axis
2026-09-29T16:45:00+00:00,2026-09-29T18:45:00+02:00,2026-09-29T18:50:00+02:00,down,#dc3545,2026-09-29T20:22:25+00:00,300,approximate-nominal-axis
2026-09-29T16:50:00+00:00,2026-09-29T18:50:00+02:00,2026-09-29T18:55:00+02:00,down,#dc3545,2026-09-29T20:22:25+00:00,300,approximate-nominal-axis
2026-09-29T16:55:00+00:00,2026-09-29T18:55:00+02:00,2026-09-29T19:00:00+02:00,down,#dc3545,2026-09-29T20:22:25+00:00,300,approximate-nominal-axis
2026-09-29T17:00:00+00:00,2026-09-29T19:00:00+02:00,2026-09-29T19:05:00+02:00,down,#dc3545,2026-09-29T20:22:25+00:00,300,approximate-nominal-axis
2026-09-29T17:05:00+00:00,2026-09-29T19:05:00+02:00,2026-09-29T19:10:00+02:00,down,#dc3545,2026-09-29T20:22:25+00:00,300,approximate-nominal-axis
2026-09-29T17:10:00+00:00,2026-09-29T19:10:00+02:00,2026-09-29T19:15:00+02:00,down,#dc3545,2026-09-29T20:22:25+00:00,300,approximate-nominal-axis
2026-09-29T17:15:00+00:00,2026-09-29T19:15:00+02:00,2026-09-29T19:20:00+02:00,down,#dc3545,2026-09-29T20:22:25+00:00,300,approximate-nominal-axis
2026-09-29T17:20:00+00:00,2026-09-29T19:20:00+02:00,2026-09-29T19:25:00+02:00,down,#dc3545,2026-09-29T20:22:25+00:00,300,approximate-nominal-axis
2026-09-29T17:25:00+00:00,2026-09-29T19:25:00+02:00,2026-09-29T19:30:00+02:00,down,#dc3545,2026-09-29T20:22:25+00:00,300,approximate-nominal-axis
2026-09-29T17:30:00+00:00,2026-09-29T19:30:00+02:00,2026-09-29T19:35:00+02:00,down,#dc3545,2026-09-29T20:22:25+00:00,300,approximate-nominal-axis
2026-09-29T17:35:00+00:00,2026-09-29T19:35:00+02:00,2026-09-29T19:40:00+02:00,down,#dc3545,2026-09-29T20:22:25+00:00,300,approximate-nominal-axis
2026-09-29T17:40:00+00:00,2026-09-29T19:40:00+02:00,2026-09-29T19:45:00+02:00,down,#dc3545,2026-09-29T20:22:25+00:00,300,approximate-nominal-axis
2026-09-29T17:45:00+00:00,2026-09-29T19:45:00+02:00,2026-09-29T19:50:00+02:00,down,#dc3545,2026-09-29T20:22:25+00:00,300,approximate-nominal-axis
2026-09-29T17:50:00+00:00,2026-09-29T19:50:00+02:00,2026-09-29T19:55:00+02:00,down,#dc3545,2026-09-29T21:52:25+00:00,300,approximate-nominal-axis
2026-09-29T17:55:00+00:00,2026-09-29T19:55:00+02:00,2026-09-29T20:00:00+02:00,down,#dc3545,2026-09-29T21:52:25+00:00,300,approximate-nominal-axis
2026-09-29T18:00:00+00:00,2026-09-29T20:00:00+02:00,2026-09-29T20:05:00+02:00,down,#dc3545,2026-09-29T21:52:25+00:00,300,approximate-nominal-axis
2026-09-29T18:05:00+00:00,2026-09-29T20:05:00+02:00,2026-09-29T20:10:00+02:00,down,#dc3545,2026-09-29T21:52:25+00:00,300,approximate-nominal-axis
2026-09-29T18:10:00+00:00,2026-09-29T20:10:00+02:00,2026-09-29T20:15:00+02:00,down,#dc3545,2026-09-29T21:52:25+00:00,300,approximate-nominal-axis
2026-09-29T18:15:00+00:00,2026-09-29T20:15:00+02:00,2026-09-29T20:20:00+02:00,down,#dc3545,2026-09-29T21:52:25+00:00,300,approximate-nominal-axis
2026-09-29T18:20:00+00:00,2026-09-29T20:20:00+02:00,2026-09-29T20:25:00+02:00,down,#dc3545,2026-09-29T21:52:25+00:00,300,approximate-nominal-axis
2026-09-29T18:25:00+00:00,2026-09-29T20:25:00+02:00,2026-09-29T20:30:00+02:00,down,#dc3545,2026-09-29T21:52:25+00:00,300,approximate-nominal-axis
2026-09-29T18:30:00+00:00,2026-09-29T20:30:00+02:00,2026-09-29T20:35:00+02:00,up,#52d273,2026-09-29T21:52:25+00:00,300,approximate-nominal-axis
2026-09-29T18:35:00+00:00,2026-09-29T20:35:00+02:00,2026-09-29T20:40:00+02:00,up,#52d273,2026-09-29T21:52:25+00:00,300,approximate-nominal-axis
2026-09-29T18:40:00+00:00,2026-09-29T20:40:00+02:00,2026-09-29T20:45:00+02:00,up,#52d273,2026-09-29T21:52:25+00:00,300,approximate-nominal-axis
2026-09-29T18:45:00+00:00,2026-09-29T20:45:00+02:00,2026-09-29T20:50:00+02:00,up,#52d273,2026-09-29T21:52:25+00:00,300,approximate-nominal-axis
2026-09-29T18:50:00+00:00,2026-09-29T20:50:00+02:00,2026-09-29T20:55:00+02:00,up,#52d273,2026-09-29T21:52:25+00:00,300,approximate-nominal-axis
2026-09-29T18:55:00+00:00,2026-09-29T20:55:00+02:00,2026-09-29T21:00:00+02:00,up,#52d273,2026-09-29T21:52:25+00:00,300,approximate-nominal-axis
2026-09-29T19:00:00+00:00,2026-09-29T21:00:00+02:00,2026-09-29T21:05:00+02:00,up,#52d273,2026-09-29T21:52:25+00:00,300,approximate-nominal-axis
2026-09-29T19:05:00+00:00,2026-09-29T21:05:00+02:00,2026-09-29T21:10:00+02:00,up,#52d273,2026-09-29T21:52:25+00:00,300,approximate-nominal-axis
2026-09-29T19:10:00+00:00,2026-09-29T21:10:00+02:00,2026-09-29T21:15:00+02:00,up,#52d273,2026-09-29T21:52:25+00:00,300,approximate-nominal-axis
2026-09-29T19:15:00+00:00,2026-09-29T21:15:00+02:00,2026-09-29T21:20:00+02:00,up,#52d273,2026-09-29T21:52:25+00:00,300,approximate-nominal-axis
2026-09-29T19:20:00+00:00,2026-09-29T21:20:00+02:00,2026-09-29T21:25:00+02:00,up,#52d273,2026-09-29T23:22:36+00:00,300,approximate-nominal-axis
2026-09-29T19:25:00+00:00,2026-09-29T21:25:00+02:00,2026-09-29T21:30:00+02:00,up,#52d273,2026-09-29T23:22:36+00:00,300,approximate-nominal-axis
2026-09-29T19:30:00+00:00,2026-09-29T21:30:00+02:00,2026-09-29T21:35:00+02:00,up,#52d273,2026-09-29T23:22:36+00:00,300,approximate-nominal-axis
2026-09-29T19:35:00+00:00,2026-09-29T21:35:00+02:00,2026-09-29T21:40:00+02:00,up,#52d273,2026-09-29T23:22:36+00:00,300,approximate-nominal-axis
2026-09-29T19:40:00+00:00,2026-09-29T21:40:00+02:00,2026-09-29T21:45:00+02:00,up,#52d273,2026-09-29T23:22:36+00:00,300,approximate-nominal-axis
2026-09-29T19:45:00+00:00,2026-09-29T21:45:00+02:00,2026-09-29T21:50:00+02:00,up,#52d273,2026-09-29T23:22:36+00:00,300,approximate-nominal-axis
2026-09-29T19:50:00+00:00,2026-09-29T21:50:00+02:00,2026-09-29T21:55:00+02:00,up,#52d273,2026-09-29T23:22:36+00:00,300,approximate-nominal-axis
2026-09-29T19:55:00+00:00,2026-09-29T21:55:00+02:00,2026-09-29T22:00:00+02:00,up,#52d273,2026-09-29T23:22:36+00:00,300,approximate-nominal-axis
2026-09-29T20:00:00+00:00,2026-09-29T22:00:00+02:00,2026-09-29T22:05:00+02:00,up,#52d273,2026-09-29T23:22:36+00:00,300,approximate-nominal-axis
2026-09-29T20:05:00+00:00,2026-09-29T22:05:00+02:00,2026-09-29T22:10:00+02:00,up,#52d273,2026-09-29T23:22:36+00:00,300,approximate-nominal-axis
2026-09-29T20:10:00+00:00,2026-09-29T22:10:00+02:00,2026-09-29T22:15:00+02:00,down,#dc3545,2026-09-29T23:22:36+00:00,300,approximate-nominal-axis
2026-09-29T20:15:00+00:00,2026-09-29T22:15:00+02:00,2026-09-29T22:20:00+02:00,down,#dc3545,2026-09-29T23:22:36+00:00,300,approximate-nominal-axis
2026-09-29T20:20:00+00:00,2026-09-29T22:20:00+02:00,2026-09-29T22:25:00+02:00,up,#52d273,2026-09-30T00:22:35+00:00,300,approximate-nominal-axis
2026-09-29T20:25:00+00:00,2026-09-29T22:25:00+02:00,2026-09-29T22:30:00+02:00,up,#52d273,2026-09-30T00:22:35+00:00,300,approximate-nominal-axis
2026-09-29T20:30:00+00:00,2026-09-29T22:30:00+02:00,2026-09-29T22:35:00+02:00,up,#52d273,2026-09-30T00:22:35+00:00,300,approximate-nominal-axis
2026-09-29T20:35:00+00:00,2026-09-29T22:35:00+02:00,2026-09-29T22:40:00+02:00,up,#52d273,2026-09-30T00:22:35+00:00,300,approximate-nominal-axis
2026-09-29T20:40:00+00:00,2026-09-29T22:40:00+02:00,2026-09-29T22:45:00+02:00,up,#52d273,2026-09-30T00:22:35+00:00,300,approximate-nominal-axis
2026-09-29T20:45:00+00:00,2026-09-29T22:45:00+02:00,2026-09-29T22:50:00+02:00,up,#52d273,2026-09-30T00:22:35+00:00,300,approximate-nominal-axis
2026-09-29T20:50:00+00:00,2026-09-29T22:50:00+02:00,2026-09-29T22:55:00+02:00,up,#52d273,2026-09-30T00:22:35+00:00,300,approximate-nominal-axis
2026-09-29T20:55:00+00:00,2026-09-29T22:55:00+02:00,2026-09-29T23:00:00+02:00,up,#52d273,2026-09-30T00:22:35+00:00,300,approximate-nominal-axis
2026-09-29T21:00:00+00:00,2026-09-29T23:00:00+02:00,2026-09-29T23:05:00+02:00,up,#52d273,2026-09-30T00:22:35+00:00,300,approximate-nominal-axis
2026-09-29T21:05:00+00:00,2026-09-29T23:05:00+02:00,2026-09-29T23:10:00+02:00,up,#52d273,2026-09-30T00:22:35+00:00,300,approximate-nominal-axis
2026-09-29T21:10:00+00:00,2026-09-29T23:10:00+02:00,2026-09-29T23:15:00+02:00,up,#52d273,2026-09-30T00:22:35+00:00,300,approximate-nominal-axis
2026-09-29T21:15:00+00:00,2026-09-29T23:15:00+02:00,2026-09-29T23:20:00+02:00,up,#52d273,2026-09-30T00:22:35+00:00,300,approximate-nominal-axis
2026-09-29T21:20:00+00:00,2026-09-29T23:20:00+02:00,2026-09-29T23:25:00+02:00,down,#dc3545,2026-09-30T00:22:35+00:00,300,approximate-nominal-axis
2026-09-29T21:25:00+00:00,2026-09-29T23:25:00+02:00,2026-09-29T23:30:00+02:00,down,#dc3545,2026-09-30T00:22:35+00:00,300,approximate-nominal-axis
2026-09-29T21:30:00+00:00,2026-09-29T23:30:00+02:00,2026-09-29T23:35:00+02:00,up,#52d273,2026-09-30T00:22:35+00:00,300,approximate-nominal-axis
2026-09-29T21:35:00+00:00,2026-09-29T23:35:00+02:00,2026-09-29T23:40:00+02:00,up,#52d273,2026-09-30T00:22:35+00:00,300,approximate-nominal-axis
2026-09-29T21:40:00+00:00,2026-09-29T23:40:00+02:00,2026-09-29T23:45:00+02:00,up,#52d273,2026-09-30T00:22:35+00:00,300,approximate-nominal-axis
2026-09-29T21:45:00+00:00,2026-09-29T23:45:00+02:00,2026-09-29T23:50:00+02:00,down,#dc3545,2026-09-30T00:22:35+00:00,300,approximate-nominal-axis
2026-09-29T21:50:00+00:00,2026-09-29T23:50:00+02:00,2026-09-29T23:55:00+02:00,down,#dc3545,2026-09-30T00:22:35+00:00,300,approximate-nominal-axis
2026-09-29T21:55:00+00:00,2026-09-29T23:55:00+02:00,2026-09-30T00:00:00+02:00,down,#dc3545,2026-09-30T00:22:35+00:00,300,approximate-nominal-axis
2026-09-29T22:00:00+00:00,2026-09-30T00:00:00+02:00,2026-09-30T00:05:00+02:00,down,#dc3545,2026-09-30T00:22:35+00:00,300,approximate-nominal-axis
2026-09-29T22:05:00+00:00,2026-09-30T00:05:00+02:00,2026-09-30T00:10:00+02:00,down,#dc3545,2026-09-30T00:22:35+00:00,300,approximate-nominal-axis
2026-09-29T22:10:00+00:00,2026-09-30T00:10:00+02:00,2026-09-30T00:15:00+02:00,down,#dc3545,2026-09-30T00:22:35+00:00,300,approximate-nominal-axis
2026-09-29T22:15:00+00:00,2026-09-30T00:15:00+02:00,2026-09-30T00:20:00+02:00,up,#52d273,2026-09-30T00:22:35+00:00,300,approximate-nominal-axis
2026-09-29T22:20:00+00:00,2026-09-30T00:20:00+02:00,2026-09-30T00:25:00+02:00,up,#52d273,2026-09-30T00:22:35+00:00,300,approximate-nominal-axis
2026-09-29T22:25:00+00:00,2026-09-30T00:25:00+02:00,2026-09-30T00:30:00+02:00,up,#52d273,2026-09-30T00:22:35+00:00,300,approximate-nominal-axis
2026-09-29T22:30:00+00:00,2026-09-30T00:30:00+02:00,2026-09-30T00:35:00+02:00,up,#52d273,2026-09-30T00:22:35+00:00,300,approximate-nominal-axis
2026-09-29T22:35:00+00:00,2026-09-30T00:35:00+02:00,2026-09-30T00:40:00+02:00,up,#52d273,2026-09-30T00:22:35+00:00,300,approximate-nominal-axis
2026-09-29T22:40:00+00:00,2026-09-30T00:40:00+02:00,2026-09-30T00:45:00+02:00,up,#52d273,2026-09-30T00:22:35+00:00,300,approximate-nominal-axis
2026-09-29T22:45:00+00:00,2026-09-30T00:45:00+02:00,2026-09-30T00:50:00+02:00,down,#dc3545,2026-09-30T00:22:35+00:00,300,approximate-nominal-axis
2026-09-29T22:50:00+00:00,2026-09-30T00:50:00+02:00,2026-09-30T00:55:00+02:00,down,#dc3545,2026-09-30T00:22:35+00:00,300,approximate-nominal-axis
2026-09-29T22:55:00+00:00,2026-09-30T00:55:00+02:00,2026-09-30T01:00:00+02:00,up,#52d273,2026-09-30T00:22:35+00:00,300,approximate-nominal-axis
2026-09-29T23:00:00+00:00,2026-09-30T01:00:00+02:00,2026-09-30T01:05:00+02:00,up,#52d273,2026-09-30T00:22:35+00:00,300,approximate-nominal-axis
2026-09-29T23:05:00+00:00,2026-09-30T01:05:00+02:00,2026-09-30T01:10:00+02:00,up,#52d273,2026-09-30T00:22:35+00:00,300,approximate-nominal-axis
2026-09-29T23:10:00+00:00,2026-09-30T01:10:00+02:00,2026-09-30T01:15:00+02:00,up,#52d273,2026-09-30T00:22:35+00:00,300,approximate-nominal-axis
2026-09-29T23:15:00+00:00,2026-09-30T01:15:00+02:00,2026-09-30T01:20:00+02:00,up,#52d273,2026-09-30T00:22:35+00:00,300,approximate-nominal-axis
2026-09-29T23:20:00+00:00,2026-09-30T01:20:00+02:00,2026-09-30T01:25:00+02:00,up,#52d273,2026-09-30T00:22:35+00:00,300,approximate-nominal-axis
2026-09-29T23:25:00+00:00,2026-09-30T01:25:00+02:00,2026-09-30T01:30:00+02:00,up,#52d273,2026-09-30T00:22:35+00:00,300,approximate-nominal-axis
2026-09-29T23:30:00+00:00,2026-09-30T01:30:00+02:00,2026-09-30T01:35:00+02:00,up,#52d273,2026-09-30T00:22:35+00:00,300,approximate-nominal-axis
2026-09-29T23:35:00+00:00,2026-09-30T01:35:00+02:00,2026-09-30T01:40:00+02:00,up,#52d273,2026-09-30T00:22:35+00:00,300,approximate-nominal-axis
2026-09-29T23:40:00+00:00,2026-09-30T01:40:00+02:00,2026-09-30T01:45:00+02:00,up,#52d273,2026-09-30T00:22:35+00:00,300,approximate-nominal-axis
2026-09-29T23:45:00+00:00,2026-09-30T01:45:00+02:00,2026-09-30T01:50:00+02:00,up,#52d273,2026-09-30T00:22:35+00:00,300,approximate-nominal-axis
2026-09-29T23:50:00+00:00,2026-09-30T01:50:00+02:00,2026-09-30T01:55:00+02:00,up,#52d273,2026-09-30T00:22:35+00:00,300,approximate-nominal-axis
2026-09-29T23:55:00+00:00,2026-09-30T01:55:00+02:00,2026-09-30T02:00:00+02:00,up,#52d273,2026-09-30T00:22:35+00:00,300,approximate-nominal-axis
2026-09-30T00:00:00+00:00,2026-09-30T02:00:00+02:00,2026-09-30T02:05:00+02:00,up,#52d273,2026-09-30T00:22:35+00:00,300,approximate-nominal-axis
2026-09-30T00:05:00+00:00,2026-09-30T02:05:00+02:00,2026-09-30T02:10:00+02:00,up,#52d273,2026-09-30T00:22:35+00:00,300,approximate-nominal-axis
2026-09-30T00:10:00+00:00,2026-09-30T02:10:00+02:00,2026-09-30T02:15:00+02:00,up,#52d273,2026-09-30T00:22:35+00:00,300,approximate-nominal-axis
2026-09-30T00:15:00+00:00,2026-09-30T02:15:00+02:00,2026-09-30T02:20:00+02:00,up,#52d273,2026-09-30T00:22:35+00:00,300,approximate-nominal-axis
2026-09-30T15:15:00+00:00,2026-09-30T17:15:00+02:00,2026-09-30T17:20:00+02:00,up,#52d273,2026-09-30T19:19:02+00:00,300,approximate-nominal-axis
2026-09-30T15:20:00+00:00,2026-09-30T17:20:00+02:00,2026-09-30T17:25:00+02:00,up,#52d273,2026-09-30T19:19:02+00:00,300,approximate-nominal-axis
2026-09-30T15:25:00+00:00,2026-09-30T17:25:00+02:00,2026-09-30T17:30:00+02:00,up,#52d273,2026-09-30T19:19:02+00:00,300,approximate-nominal-axis
2026-09-30T15:30:00+00:00,2026-09-30T17:30:00+02:00,2026-09-30T17:35:00+02:00,up,#52d273,2026-09-30T19:19:02+00:00,300,approximate-nominal-axis
2026-09-30T15:35:00+00:00,2026-09-30T17:35:00+02:00,2026-09-30T17:40:00+02:00,up,#52d273,2026-09-30T19:19:02+00:00,300,approximate-nominal-axis
2026-09-30T15:40:00+00:00,2026-09-30T17:40:00+02:00,2026-09-30T17:45:00+02:00,up,#52d273,2026-09-30T19:19:02+00:00,300,approximate-nominal-axis
2026-09-30T15:45:00+00:00,2026-09-30T17:45:00+02:00,2026-09-30T17:50:00+02:00,up,#52d273,2026-09-30T19:19:02+00:00,300,approximate-nominal-axis
2026-09-30T15:50:00+00:00,2026-09-30T17:50:00+02:00,2026-09-30T17:55:00+02:00,up,#52d273,2026-09-30T19:19:02+00:00,300,approximate-nominal-axis
2026-09-30T15:55:00+00:00,2026-09-30T17:55:00+02:00,2026-09-30T18:00:00+02:00,up,#52d273,2026-09-30T19:19:02+00:00,300,approximate-nominal-axis
2026-09-30T16:00:00+00:00,2026-09-30T18:00:00+02:00,2026-09-30T18:05:00+02:00,up,#52d273,2026-09-30T19:19:02+00:00,300,approximate-nominal-axis
2026-09-30T16:05:00+00:00,2026-09-30T18:05:00+02:00,2026-09-30T18:10:00+02:00,up,#52d273,2026-09-30T19:19:02+00:00,300,approximate-nominal-axis
2026-09-30T16:10:00+00:00,2026-09-30T18:10:00+02:00,2026-09-30T18:15:00+02:00,up,#52d273,2026-09-30T19:19:02+00:00,300,approximate-nominal-axis
2026-09-30T16:15:00+00:00,2026-09-30T18:15:00+02:00,2026-09-30T18:20:00+02:00,up,#52d273,2026-09-30T19:19:02+00:00,300,approximate-nominal-axis
2026-09-30T16:20:00+00:00,2026-09-30T18:20:00+02:00,2026-09-30T18:25:00+02:00,up,#52d273,2026-09-30T19:19:02+00:00,300,approximate-nominal-axis
2026-09-30T16:25:00+00:00,2026-09-30T18:25:00+02:00,2026-09-30T18:30:00+02:00,up,#52d273,2026-09-30T19:19:02+00:00,300,approximate-nominal-axis
2026-09-30T16:30:00+00:00,2026-09-30T18:30:00+02:00,2026-09-30T18:35:00+02:00,up,#52d273,2026-09-30T19:19:02+00:00,300,approximate-nominal-axis
2026-09-30T16:35:00+00:00,2026-09-30T18:35:00+02:00,2026-09-30T18:40:00+02:00,up,#52d273,2026-09-30T19:19:02+00:00,300,approximate-nominal-axis
2026-09-30T16:40:00+00:00,2026-09-30T18:40:00+02:00,2026-09-30T18:45:00+02:00,up,#52d273,2026-09-30T19:19:02+00:00,300,approximate-nominal-axis
2026-09-30T16:45:00+00:00,2026-09-30T18:45:00+02:00,2026-09-30T18:50:00+02:00,up,#52d273,2026-09-30T19:19:02+00:00,300,approximate-nominal-axis
2026-09-30T16:50:00+00:00,2026-09-30T18:50:00+02:00,2026-09-30T18:55:00+02:00,up,#52d273,2026-09-30T19:19:02+00:00,300,approximate-nominal-axis
2026-09-30T16:55:00+00:00,2026-09-30T18:55:00+02:00,2026-09-30T19:00:00+02:00,up,#52d273,2026-09-30T19:19:02+00:00,300,approximate-nominal-axis
2026-09-30T17:00:00+00:00,2026-09-30T19:00:00+02:00,2026-09-30T19:05:00+02:00,up,#52d273,2026-09-30T19:19:02+00:00,300,approximate-nominal-axis
2026-09-30T17:05:00+00:00,2026-09-30T19:05:00+02:00,2026-09-30T19:10:00+02:00,up,#52d273,2026-09-30T19:19:02+00:00,300,approximate-nominal-axis
2026-09-30T17:10:00+00:00,2026-09-30T19:10:00+02:00,2026-09-30T19:15:00+02:00,up,#52d273,2026-09-30T19:19:02+00:00,300,approximate-nominal-axis
2026-09-30T17:15:00+00:00,2026-09-30T19:15:00+02:00,2026-09-30T19:20:00+02:00,up,#52d273,2026-09-30T19:19:02+00:00,300,approximate-nominal-axis
2026-09-30T17:20:00+00:00,2026-09-30T19:20:00+02:00,2026-09-30T19:25:00+02:00,up,#52d273,2026-09-30T19:19:02+00:00,300,approximate-nominal-axis
2026-09-30T17:25:00+00:00,2026-09-30T19:25:00+02:00,2026-09-30T19:30:00+02:00,up,#52d273,2026-09-30T19:19:02+00:00,300,approximate-nominal-axis
2026-09-30T17:30:00+00:00,2026-09-30T19:30:00+02:00,2026-09-30T19:35:00+02:00,up,#52d273,2026-09-30T19:19:02+00:00,300,approximate-nominal-axis
2026-09-30T17:35:00+00:00,2026-09-30T19:35:00+02:00,2026-09-30T19:40:00+02:00,up,#52d273,2026-09-30T19:19:02+00:00,300,approximate-nominal-axis
2026-09-30T17:40:00+00:00,2026-09-30T19:40:00+02:00,2026-09-30T19:45:00+02:00,up,#52d273,2026-09-30T19:19:02+00:00,300,approximate-nominal-axis
2026-09-30T17:45:00+00:00,2026-09-30T19:45:00+02:00,2026-09-30T19:50:00+02:00,up,#52d273,2026-09-30T19:19:02+00:00,300,approximate-nominal-axis
2026-09-30T17:50:00+00:00,2026-09-30T19:50:00+02:00,2026-09-30T19:55:00+02:00,up,#52d273,2026-09-30T19:19:02+00:00,300,approximate-nominal-axis
2026-09-30T17:55:00+00:00,2026-09-30T19:55:00+02:00,2026-09-30T20:00:00+02:00,up,#52d273,2026-09-30T19:19:02+00:00,300,approximate-nominal-axis
2026-09-30T18:00:00+00:00,2026-09-30T20:00:00+02:00,2026-09-30T20:05:00+02:00,up,#52d273,2026-09-30T19:19:02+00:00,300,approximate-nominal-axis
2026-09-30T18:05:00+00:00,2026-09-30T20:05:00+02:00,2026-09-30T20:10:00+02:00,up,#52d273,2026-09-30T19:19:02+00:00,300,approximate-nominal-axis
2026-09-30T18:10:00+00:00,2026-09-30T20:10:00+02:00,2026-09-30T20:15:00+02:00,up,#52d273,2026-09-30T19:19:02+00:00,300,approximate-nominal-axis
2026-09-30T18:15:00+00:00,2026-09-30T20:15:00+02:00,2026-09-30T20:20:00+02:00,up,#52d273,2026-09-30T19:19:02+00:00,300,approximate-nominal-axis
2026-09-30T18:20:00+00:00,2026-09-30T20:20:00+02:00,2026-09-30T20:25:00+02:00,up,#52d273,2026-09-30T19:19:02+00:00,300,approximate-nominal-axis
2026-09-30T18:25:00+00:00,2026-09-30T20:25:00+02:00,2026-09-30T20:30:00+02:00,up,#52d273,2026-09-30T19:19:02+00:00,300,approximate-nominal-axis
2026-09-30T18:30:00+00:00,2026-09-30T20:30:00+02:00,2026-09-30T20:35:00+02:00,up,#52d273,2026-09-30T19:19:02+00:00,300,approximate-nominal-axis
2026-09-30T18:35:00+00:00,2026-09-30T20:35:00+02:00,2026-09-30T20:40:00+02:00,up,#52d273,2026-09-30T19:19:02+00:00,300,approximate-nominal-axis
2026-09-30T18:40:00+00:00,2026-09-30T20:40:00+02:00,2026-09-30T20:45:00+02:00,up,#52d273,2026-09-30T19:19:02+00:00,300,approximate-nominal-axis
2026-09-30T18:45:00+00:00,2026-09-30T20:45:00+02:00,2026-09-30T20:50:00+02:00,up,#52d273,2026-09-30T19:19:02+00:00,300,approximate-nominal-axis
2026-09-30T18:50:00+00:00,2026-09-30T20:50:00+02:00,2026-09-30T20:55:00+02:00,up,#52d273,2026-09-30T19:19:02+00:00,300,approximate-nominal-axis
2026-09-30T18:55:00+00:00,2026-09-30T20:55:00+02:00,2026-09-30T21:00:00+02:00,up,#52d273,2026-09-30T19:19:02+00:00,300,approximate-nominal-axis
2026-09-30T19:00:00+00:00,2026-09-30T21:00:00+02:00,2026-09-30T21:05:00+02:00,up,#52d273,2026-09-30T19:19:02+00:00,300,approximate-nominal-axis
2026-09-30T19:05:00+00:00,2026-09-30T21:05:00+02:00,2026-09-30T21:10:00+02:00,up,#52d273,2026-09-30T19:19:02+00:00,300,approximate-nominal-axis
2026-09-30T19:10:00+00:00,2026-09-30T21:10:00+02:00,2026-09-30T21:15:00+02:00,up,#52d273,2026-09-30T19:19:02+00:00,300,approximate-nominal-axis
2026-10-01T00:35:00+00:00,2026-10-01T02:35:00+02:00,2026-10-01T02:40:00+02:00,up,#52d273,2026-10-01T04:39:19+00:00,300,approximate-nominal-axis
2026-10-01T00:40:00+00:00,2026-10-01T02:40:00+02:00,2026-10-01T02:45:00+02:00,up,#52d273,2026-10-01T04:39:19+00:00,300,approximate-nominal-axis
2026-10-01T00:45:00+00:00,2026-10-01T02:45:00+02:00,2026-10-01T02:50:00+02:00,up,#52d273,2026-10-01T04:39:19+00:00,300,approximate-nominal-axis
2026-10-01T00:50:00+00:00,2026-10-01T02:50:00+02:00,2026-10-01T02:55:00+02:00,up,#52d273,2026-10-01T04:39:19+00:00,300,approximate-nominal-axis
2026-10-01T00:55:00+00:00,2026-10-01T02:55:00+02:00,2026-10-01T03:00:00+02:00,up,#52d273,2026-10-01T04:39:19+00:00,300,approximate-nominal-axis
2026-10-01T01:00:00+00:00,2026-10-01T03:00:00+02:00,2026-10-01T03:05:00+02:00,up,#52d273,2026-10-01T04:39:19+00:00,300,approximate-nominal-axis
2026-10-01T01:05:00+00:00,2026-10-01T03:05:00+02:00,2026-10-01T03:10:00+02:00,up,#52d273,2026-10-01T04:39:19+00:00,300,approximate-nominal-axis
2026-10-01T01:10:00+00:00,2026-10-01T03:10:00+02:00,2026-10-01T03:15:00+02:00,up,#52d273,2026-10-01T04:39:19+00:00,300,approximate-nominal-axis
2026-10-01T01:15:00+00:00,2026-10-01T03:15:00+02:00,2026-10-01T03:20:00+02:00,up,#52d273,2026-10-01T04:39:19+00:00,300,approximate-nominal-axis
2026-10-01T01:20:00+00:00,2026-10-01T03:20:00+02:00,2026-10-01T03:25:00+02:00,up,#52d273,2026-10-01T04:39:19+00:00,300,approximate-nominal-axis
2026-10-01T01:25:00+00:00,2026-10-01T03:25:00+02:00,2026-10-01T03:30:00+02:00,up,#52d273,2026-10-01T04:39:19+00:00,300,approximate-nominal-axis
2026-10-01T01:30:00+00:00,2026-10-01T03:30:00+02:00,2026-10-01T03:35:00+02:00,up,#52d273,2026-10-01T04:39:19+00:00,300,approximate-nominal-axis
2026-10-01T01:35:00+00:00,2026-10-01T03:35:00+02:00,2026-10-01T03:40:00+02:00,up,#52d273,2026-10-01T04:39:19+00:00,300,approximate-nominal-axis
2026-10-01T01:40:00+00:00,2026-10-01T03:40:00+02:00,2026-10-01T03:45:00+02:00,up,#52d273,2026-10-01T04:39:19+00:00,300,approximate-nominal-axis
2026-10-01T01:45:00+00:00,2026-10-01T03:45:00+02:00,2026-10-01T03:50:00+02:00,up,#52d273,2026-10-01T04:39:19+00:00,300,approximate-nominal-axis
2026-10-01T01:50:00+00:00,2026-10-01T03:50:00+02:00,2026-10-01T03:55:00+02:00,up,#52d273,2026-10-01T04:39:19+00:00,300,approximate-nominal-axis
2026-10-01T01:55:00+00:00,2026-10-01T03:55:00+02:00,2026-10-01T04:00:00+02:00,up,#52d273,2026-10-01T04:39:19+00:00,300,approximate-nominal-axis
2026-10-01T02:00:00+00:00,2026-10-01T04:00:00+02:00,2026-10-01T04:05:00+02:00,up,#52d273,2026-10-01T04:39:19+00:00,300,approximate-nominal-axis
2026-10-01T02:05:00+00:00,2026-10-01T04:05:00+02:00,2026-10-01T04:10:00+02:00,up,#52d273,2026-10-01T04:39:19+00:00,300,approximate-nominal-axis
2026-10-01T02:10:00+00:00,2026-10-01T04:10:00+02:00,2026-10-01T04:15:00+02:00,up,#52d273,2026-10-01T04:39:19+00:00,300,approximate-nominal-axis
2026-10-01T02:15:00+00:00,2026-10-01T04:15:00+02:00,2026-10-01T04:20:00+02:00,up,#52d273,2026-10-01T04:39:19+00:00,300,approximate-nominal-axis
2026-10-01T02:20:00+00:00,2026-10-01T04:20:00+02:00,2026-10-01T04:25:00+02:00,up,#52d273,2026-10-01T04:39:19+00:00,300,approximate-nominal-axis
2026-10-01T02:25:00+00:00,2026-10-01T04:25:00+02:00,2026-10-01T04:30:00+02:00,up,#52d273,2026-10-01T04:39:19+00:00,300,approximate-nominal-axis
2026-10-01T02:30:00+00:00,2026-10-01T04:30:00+02:00,2026-10-01T04:35:00+02:00,up,#52d273,2026-10-01T04:39:19+00:00,300,approximate-nominal-axis
2026-10-01T02:35:00+00:00,2026-10-01T04:35:00+02:00,2026-10-01T04:40:00+02:00,up,#52d273,2026-10-01T04:39:19+00:00,300,approximate-nominal-axis
2026-10-01T02:40:00+00:00,2026-10-01T04:40:00+02:00,2026-10-01T04:45:00+02:00,up,#52d273,2026-10-01T04:39:19+00:00,300,approximate-nominal-axis
2026-10-01T02:45:00+00:00,2026-10-01T04:45:00+02:00,2026-10-01T04:50:00+02:00,up,#52d273,2026-10-01T04:39:19+00:00,300,approximate-nominal-axis
2026-10-01T02:50:00+00:00,2026-10-01T04:50:00+02:00,2026-10-01T04:55:00+02:00,up,#52d273,2026-10-01T04:39:19+00:00,300,approximate-nominal-axis
2026-10-01T02:55:00+00:00,2026-10-01T04:55:00+02:00,2026-10-01T05:00:00+02:00,up,#52d273,2026-10-01T04:39:19+00:00,300,approximate-nominal-axis
2026-10-01T03:00:00+00:00,2026-10-01T05:00:00+02:00,2026-10-01T05:05:00+02:00,up,#52d273,2026-10-01T04:39:19+00:00,300,approximate-nominal-axis
2026-10-01T03:05:00+00:00,2026-10-01T05:05:00+02:00,2026-10-01T05:10:00+02:00,up,#52d273,2026-10-01T04:39:19+00:00,300,approximate-nominal-axis
2026-10-01T03:10:00+00:00,2026-10-01T05:10:00+02:00,2026-10-01T05:15:00+02:00,up,#52d273,2026-10-01T04:39:19+00:00,300,approximate-nominal-axis
2026-10-01T03:15:00+00:00,2026-10-01T05:15:00+02:00,2026-10-01T05:20:00+02:00,up,#52d273,2026-10-01T04:39:19+00:00,300,approximate-nominal-axis
2026-10-01T03:20:00+00:00,2026-10-01T05:20:00+02:00,2026-10-01T05:25:00+02:00,up,#52d273,2026-10-01T04:39:19+00:00,300,approximate-nominal-axis
2026-10-01T03:25:00+00:00,2026-10-01T05:25:00+02:00,2026-10-01T05:30:00+02:00,up,#52d273,2026-10-01T04:39:19+00:00,300,approximate-nominal-axis
2026-10-01T03:30:00+00:00,2026-10-01T05:30:00+02:00,2026-10-01T05:35:00+02:00,up,#52d273,2026-10-01T04:39:19+00:00,300,approximate-nominal-axis
2026-10-01T03:35:00+00:00,2026-10-01T05:35:00+02:00,2026-10-01T05:40:00+02:00,up,#52d273,2026-10-01T04:39:19+00:00,300,approximate-nominal-axis
2026-10-01T03:40:00+00:00,2026-10-01T05:40:00+02:00,2026-10-01T05:45:00+02:00,up,#52d273,2026-10-01T04:39:19+00:00,300,approximate-nominal-axis
2026-10-01T03:45:00+00:00,2026-10-01T05:45:00+02:00,2026-10-01T05:50:00+02:00,up,#52d273,2026-10-01T04:39:19+00:00,300,approximate-nominal-axis
2026-10-01T03:50:00+00:00,2026-10-01T05:50:00+02:00,2026-10-01T05:55:00+02:00,up,#52d273,2026-10-01T04:39:19+00:00,300,approximate-nominal-axis
2026-10-01T03:55:00+00:00,2026-10-01T05:55:00+02:00,2026-10-01T06:00:00+02:00,up,#52d273,2026-10-01T04:39:19+00:00,300,approximate-nominal-axis
2026-10-01T04:00:00+00:00,2026-10-01T06:00:00+02:00,2026-10-01T06:05:00+02:00,up,#52d273,2026-10-01T04:39:19+00:00,300,approximate-nominal-axis
2026-10-01T04:05:00+00:00,2026-10-01T06:05:00+02:00,2026-10-01T06:10:00+02:00,up,#52d273,2026-10-01T04:39:19+00:00,300,approximate-nominal-axis
2026-10-01T04:10:00+00:00,2026-10-01T06:10:00+02:00,2026-10-01T06:15:00+02:00,up,#52d273,2026-10-01T04:39:19+00:00,300,approximate-nominal-axis
2026-10-01T04:15:00+00:00,2026-10-01T06:15:00+02:00,2026-10-01T06:20:00+02:00,up,#52d273,2026-10-01T04:39:19+00:00,300,approximate-nominal-axis
2026-10-01T04:20:00+00:00,2026-10-01T06:20:00+02:00,2026-10-01T06:25:00+02:00,up,#52d273,2026-10-01T04:39:19+00:00,300,approximate-nominal-axis
2026-10-01T04:25:00+00:00,2026-10-01T06:25:00+02:00,2026-10-01T06:30:00+02:00,up,#52d273,2026-10-01T04:39:19+00:00,300,approximate-nominal-axis
2026-10-01T04:30:00+00:00,2026-10-01T06:30:00+02:00,2026-10-01T06:35:00+02:00,up,#52d273,2026-10-01T04:39:19+00:00,300,approximate-nominal-axis
2026-10-01T06:25:00+00:00,2026-10-01T08:25:00+02:00,2026-10-01T08:30:00+02:00,up,#52d273,2026-10-01T10:29:29+00:00,300,approximate-nominal-axis
2026-10-01T06:30:00+00:00,2026-10-01T08:30:00+02:00,2026-10-01T08:35:00+02:00,up,#52d273,2026-10-01T10:29:29+00:00,300,approximate-nominal-axis
2026-10-01T06:35:00+00:00,2026-10-01T08:35:00+02:00,2026-10-01T08:40:00+02:00,up,#52d273,2026-10-01T10:29:29+00:00,300,approximate-nominal-axis
2026-10-01T06:40:00+00:00,2026-10-01T08:40:00+02:00,2026-10-01T08:45:00+02:00,up,#52d273,2026-10-01T10:29:29+00:00,300,approximate-nominal-axis
2026-10-01T06:45:00+00:00,2026-10-01T08:45:00+02:00,2026-10-01T08:50:00+02:00,up,#52d273,2026-10-01T10:29:29+00:00,300,approximate-nominal-axis
2026-10-01T06:50:00+00:00,2026-10-01T08:50:00+02:00,2026-10-01T08:55:00+02:00,up,#52d273,2026-10-01T10:29:29+00:00,300,approximate-nominal-axis
2026-10-01T06:55:00+00:00,2026-10-01T08:55:00+02:00,2026-10-01T09:00:00+02:00,down,#dc3545,2026-10-01T10:29:29+00:00,300,approximate-nominal-axis
2026-10-01T07:00:00+00:00,2026-10-01T09:00:00+02:00,2026-10-01T09:05:00+02:00,down,#dc3545,2026-10-01T10:29:29+00:00,300,approximate-nominal-axis
2026-10-01T07:05:00+00:00,2026-10-01T09:05:00+02:00,2026-10-01T09:10:00+02:00,up,#52d273,2026-10-01T10:29:29+00:00,300,approximate-nominal-axis
2026-10-01T07:10:00+00:00,2026-10-01T09:10:00+02:00,2026-10-01T09:15:00+02:00,up,#52d273,2026-10-01T10:29:29+00:00,300,approximate-nominal-axis
2026-10-01T07:15:00+00:00,2026-10-01T09:15:00+02:00,2026-10-01T09:20:00+02:00,down,#dc3545,2026-10-01T10:29:29+00:00,300,approximate-nominal-axis
2026-10-01T07:20:00+00:00,2026-10-01T09:20:00+02:00,2026-10-01T09:25:00+02:00,down,#dc3545,2026-10-01T10:29:29+00:00,300,approximate-nominal-axis
2026-10-01T07:25:00+00:00,2026-10-01T09:25:00+02:00,2026-10-01T09:30:00+02:00,down,#dc3545,2026-10-01T10:29:29+00:00,300,approximate-nominal-axis
2026-10-01T07:30:00+00:00,2026-10-01T09:30:00+02:00,2026-10-01T09:35:00+02:00,down,#dc3545,2026-10-01T10:29:29+00:00,300,approximate-nominal-axis
2026-10-01T07:35:00+00:00,2026-10-01T09:35:00+02:00,2026-10-01T09:40:00+02:00,down,#dc3545,2026-10-01T10:29:29+00:00,300,approximate-nominal-axis
2026-10-01T07:40:00+00:00,2026-10-01T09:40:00+02:00,2026-10-01T09:45:00+02:00,down,#dc3545,2026-10-01T10:29:29+00:00,300,approximate-nominal-axis
2026-10-01T07:45:00+00:00,2026-10-01T09:45:00+02:00,2026-10-01T09:50:00+02:00,down,#dc3545,2026-10-01T10:29:29+00:00,300,approximate-nominal-axis
2026-10-01T07:50:00+00:00,2026-10-01T09:50:00+02:00,2026-10-01T09:55:00+02:00,down,#dc3545,2026-10-01T10:29:29+00:00,300,approximate-nominal-axis
2026-10-01T07:55:00+00:00,2026-10-01T09:55:00+02:00,2026-10-01T10:00:00+02:00,down,#dc3545,2026-10-01T10:29:29+00:00,300,approximate-nominal-axis
2026-10-01T08:00:00+00:00,2026-10-01T10:00:00+02:00,2026-10-01T10:05:00+02:00,down,#dc3545,2026-10-01T10:29:29+00:00,300,approximate-nominal-axis
2026-10-01T08:05:00+00:00,2026-10-01T10:05:00+02:00,2026-10-01T10:10:00+02:00,down,#dc3545,2026-10-01T10:29:29+00:00,300,approximate-nominal-axis
2026-10-01T08:10:00+00:00,2026-10-01T10:10:00+02:00,2026-10-01T10:15:00+02:00,down,#dc3545,2026-10-01T10:29:29+00:00,300,approximate-nominal-axis
2026-10-01T08:15:00+00:00,2026-10-01T10:15:00+02:00,2026-10-01T10:20:00+02:00,down,#dc3545,2026-10-01T10:29:29+00:00,300,approximate-nominal-axis
2026-10-01T08:20:00+00:00,2026-10-01T10:20:00+02:00,2026-10-01T10:25:00+02:00,up,#52d273,2026-10-01T10:29:29+00:00,300,approximate-nominal-axis
2026-10-01T08:25:00+00:00,2026-10-01T10:25:00+02:00,2026-10-01T10:30:00+02:00,down,#dc3545,2026-10-01T10:29:29+00:00,300,approximate-nominal-axis
2026-10-01T08:30:00+00:00,2026-10-01T10:30:00+02:00,2026-10-01T10:35:00+02:00,down,#dc3545,2026-10-01T10:29:29+00:00,300,approximate-nominal-axis
2026-10-01T08:35:00+00:00,2026-10-01T10:35:00+02:00,2026-10-01T10:40:00+02:00,down,#dc3545,2026-10-01T10:29:29+00:00,300,approximate-nominal-axis
2026-10-01T08:40:00+00:00,2026-10-01T10:40:00+02:00,2026-10-01T10:45:00+02:00,down,#dc3545,2026-10-01T10:29:29+00:00,300,approximate-nominal-axis
2026-10-01T08:45:00+00:00,2026-10-01T10:45:00+02:00,2026-10-01T10:50:00+02:00,up,#52d273,2026-10-01T10:29:29+00:00,300,approximate-nominal-axis
2026-10-01T08:50:00+00:00,2026-10-01T10:50:00+02:00,2026-10-01T10:55:00+02:00,up,#52d273,2026-10-01T10:29:29+00:00,300,approximate-nominal-axis
2026-10-01T08:55:00+00:00,2026-10-01T10:55:00+02:00,2026-10-01T11:00:00+02:00,down,#dc3545,2026-10-01T10:29:29+00:00,300,approximate-nominal-axis
2026-10-01T09:00:00+00:00,2026-10-01T11:00:00+02:00,2026-10-01T11:05:00+02:00,down,#dc3545,2026-10-01T10:29:29+00:00,300,approximate-nominal-axis
2026-10-01T09:05:00+00:00,2026-10-01T11:05:00+02:00,2026-10-01T11:10:00+02:00,up,#52d273,2026-10-01T10:29:29+00:00,300,approximate-nominal-axis
2026-10-01T09:10:00+00:00,2026-10-01T11:10:00+02:00,2026-10-01T11:15:00+02:00,down,#dc3545,2026-10-01T10:29:29+00:00,300,approximate-nominal-axis
2026-10-01T09:15:00+00:00,2026-10-01T11:15:00+02:00,2026-10-01T11:20:00+02:00,down,#dc3545,2026-10-01T10:29:29+00:00,300,approximate-nominal-axis
2026-10-01T09:20:00+00:00,2026-10-01T11:20:00+02:00,2026-10-01T11:25:00+02:00,down,#dc3545,2026-10-01T10:29:29+00:00,300,approximate-nominal-axis
2026-10-01T09:25:00+00:00,2026-10-01T11:25:00+02:00,2026-10-01T11:30:00+02:00,down,#dc3545,2026-10-01T10:29:29+00:00,300,approximate-nominal-axis
2026-10-01T09:30:00+00:00,2026-10-01T11:30:00+02:00,2026-10-01T11:35:00+02:00,down,#dc3545,2026-10-01T10:29:29+00:00,300,approximate-nominal-axis
2026-10-01T09:35:00+00:00,2026-10-01T11:35:00+02:00,2026-10-01T11:40:00+02:00,down,#dc3545,2026-10-01T10:29:29+00:00,300,approximate-nominal-axis
2026-10-01T09:40:00+00:00,2026-10-01T11:40:00+02:00,2026-10-01T11:45:00+02:00,down,#dc3545,2026-10-01T10:29:29+00:00,300,approximate-nominal-axis
2026-10-01T09:45:00+00:00,2026-10-01T11:45:00+02:00,2026-10-01T11:50:00+02:00,down,#dc3545,2026-10-01T10:29:29+00:00,300,approximate-nominal-axis
2026-10-01T09:50:00+00:00,2026-10-01T11:50:00+02:00,2026-10-01T11:55:00+02:00,up,#52d273,2026-10-01T10:29:29+00:00,300,approximate-nominal-axis
2026-10-01T09:55:00+00:00,2026-10-01T11:55:00+02:00,2026-10-01T12:00:00+02:00,up,#52d273,2026-10-01T10:29:29+00:00,300,approximate-nominal-axis
2026-10-01T10:00:00+00:00,2026-10-01T12:00:00+02:00,2026-10-01T12:05:00+02:00,up,#52d273,2026-10-01T10:29:29+00:00,300,approximate-nominal-axis
2026-10-01T10:05:00+00:00,2026-10-01T12:05:00+02:00,2026-10-01T12:10:00+02:00,down,#dc3545,2026-10-01T10:29:29+00:00,300,approximate-nominal-axis
2026-10-01T10:10:00+00:00,2026-10-01T12:10:00+02:00,2026-10-01T12:15:00+02:00,down,#dc3545,2026-10-01T10:29:29+00:00,300,approximate-nominal-axis
2026-10-01T10:15:00+00:00,2026-10-01T12:15:00+02:00,2026-10-01T12:20:00+02:00,down,#dc3545,2026-10-01T10:29:29+00:00,300,approximate-nominal-axis
2026-10-01T10:20:00+00:00,2026-10-01T12:20:00+02:00,2026-10-01T12:25:00+02:00,down,#dc3545,2026-10-01T10:29:29+00:00,300,approximate-nominal-axis
2026-10-01T12:45:00+00:00,2026-10-01T14:45:00+02:00,2026-10-01T14:50:00+02:00,down,#dc3545,2026-10-01T16:49:38+00:00,300,approximate-nominal-axis
2026-10-01T12:50:00+00:00,2026-10-01T14:50:00+02:00,2026-10-01T14:55:00+02:00,down,#dc3545,2026-10-01T16:49:38+00:00,300,approximate-nominal-axis
2026-10-01T12:55:00+00:00,2026-10-01T14:55:00+02:00,2026-10-01T15:00:00+02:00,down,#dc3545,2026-10-01T16:49:38+00:00,300,approximate-nominal-axis
2026-10-01T13:00:00+00:00,2026-10-01T15:00:00+02:00,2026-10-01T15:05:00+02:00,down,#dc3545,2026-10-01T16:49:38+00:00,300,approximate-nominal-axis
2026-10-01T13:05:00+00:00,2026-10-01T15:05:00+02:00,2026-10-01T15:10:00+02:00,down,#dc3545,2026-10-01T16:49:38+00:00,300,approximate-nominal-axis
2026-10-01T13:10:00+00:00,2026-10-01T15:10:00+02:00,2026-10-01T15:15:00+02:00,down,#dc3545,2026-10-01T16:49:38+00:00,300,approximate-nominal-axis
2026-10-01T13:15:00+00:00,2026-10-01T15:15:00+02:00,2026-10-01T15:20:00+02:00,down,#dc3545,2026-10-01T16:49:38+00:00,300,approximate-nominal-axis
2026-10-01T13:20:00+00:00,2026-10-01T15:20:00+02:00,2026-10-01T15:25:00+02:00,down,#dc3545,2026-10-01T16:49:38+00:00,300,approximate-nominal-axis
2026-10-01T13:25:00+00:00,2026-10-01T15:25:00+02:00,2026-10-01T15:30:00+02:00,down,#dc3545,2026-10-01T16:49:38+00:00,300,approximate-nominal-axis
2026-10-01T13:30:00+00:00,2026-10-01T15:30:00+02:00,2026-10-01T15:35:00+02:00,down,#dc3545,2026-10-01T16:49:38+00:00,300,approximate-nominal-axis
2026-10-01T13:35:00+00:00,2026-10-01T15:35:00+02:00,2026-10-01T15:40:00+02:00,down,#dc3545,2026-10-01T16:49:38+00:00,300,approximate-nominal-axis
2026-10-01T13:40:00+00:00,2026-10-01T15:40:00+02:00,2026-10-01T15:45:00+02:00,down,#dc3545,2026-10-01T16:49:38+00:00,300,approximate-nominal-axis
2026-10-01T13:45:00+00:00,2026-10-01T15:45:00+02:00,2026-10-01T15:50:00+02:00,down,#dc3545,2026-10-01T16:49:38+00:00,300,approximate-nominal-axis
2026-10-01T13:50:00+00:00,2026-10-01T15:50:00+02:00,2026-10-01T15:55:00+02:00,down,#dc3545,2026-10-01T16:49:38+00:00,300,approximate-nominal-axis
2026-10-01T13:55:00+00:00,2026-10-01T15:55:00+02:00,2026-10-01T16:00:00+02:00,down,#dc3545,2026-10-01T16:49:38+00:00,300,approximate-nominal-axis
2026-10-01T14:00:00+00:00,2026-10-01T16:00:00+02:00,2026-10-01T16:05:00+02:00,down,#dc3545,2026-10-01T16:49:38+00:00,300,approximate-nominal-axis
2026-10-01T14:05:00+00:00,2026-10-01T16:05:00+02:00,2026-10-01T16:10:00+02:00,down,#dc3545,2026-10-01T16:49:38+00:00,300,approximate-nominal-axis
2026-10-01T14:10:00+00:00,2026-10-01T16:10:00+02:00,2026-10-01T16:15:00+02:00,down,#dc3545,2026-10-01T16:49:38+00:00,300,approximate-nominal-axis
2026-10-01T14:15:00+00:00,2026-10-01T16:15:00+02:00,2026-10-01T16:20:00+02:00,down,#dc3545,2026-10-01T16:49:38+00:00,300,approximate-nominal-axis
2026-10-01T14:20:00+00:00,2026-10-01T16:20:00+02:00,2026-10-01T16:25:00+02:00,down,#dc3545,2026-10-01T16:49:38+00:00,300,approximate-nominal-axis
2026-10-01T14:25:00+00:00,2026-10-01T16:25:00+02:00,2026-10-01T16:30:00+02:00,down,#dc3545,2026-10-01T16:49:38+00:00,300,approximate-nominal-axis
2026-10-01T14:30:00+00:00,2026-10-01T16:30:00+02:00,2026-10-01T16:35:00+02:00,down,#dc3545,2026-10-01T16:49:38+00:00,300,approximate-nominal-axis
2026-10-01T14:35:00+00:00,2026-10-01T16:35:00+02:00,2026-10-01T16:40:00+02:00,down,#dc3545,2026-10-01T16:49:38+00:00,300,approximate-nominal-axis
2026-10-01T14:40:00+00:00,2026-10-01T16:40:00+02:00,2026-10-01T16:45:00+02:00,up,#52d273,2026-10-01T16:49:38+00:00,300,approximate-nominal-axis
2026-10-01T14:45:00+00:00,2026-10-01T16:45:00+02:00,2026-10-01T16:50:00+02:00,down,#dc3545,2026-10-01T16:49:38+00:00,300,approximate-nominal-axis
2026-10-01T14:50:00+00:00,2026-10-01T16:50:00+02:00,2026-10-01T16:55:00+02:00,down,#dc3545,2026-10-01T16:49:38+00:00,300,approximate-nominal-axis
2026-10-01T14:55:00+00:00,2026-10-01T16:55:00+02:00,2026-10-01T17:00:00+02:00,down,#dc3545,2026-10-01T16:49:38+00:00,300,approximate-nominal-axis
2026-10-01T15:00:00+00:00,2026-10-01T17:00:00+02:00,2026-10-01T17:05:00+02:00,down,#dc3545,2026-10-01T16:49:38+00:00,300,approximate-nominal-axis
2026-10-01T15:05:00+00:00,2026-10-01T17:05:00+02:00,2026-10-01T17:10:00+02:00,down,#dc3545,2026-10-01T16:49:38+00:00,300,approximate-nominal-axis
2026-10-01T15:10:00+00:00,2026-10-01T17:10:00+02:00,2026-10-01T17:15:00+02:00,down,#dc3545,2026-10-01T16:49:38+00:00,300,approximate-nominal-axis
2026-10-01T15:15:00+00:00,2026-10-01T17:15:00+02:00,2026-10-01T17:20:00+02:00,down,#dc3545,2026-10-01T16:49:38+00:00,300,approximate-nominal-axis
2026-10-01T15:20:00+00:00,2026-10-01T17:20:00+02:00,2026-10-01T17:25:00+02:00,down,#dc3545,2026-10-01T16:49:38+00:00,300,approximate-nominal-axis
2026-10-01T15:25:00+00:00,2026-10-01T17:25:00+02:00,2026-10-01T17:30:00+02:00,down,#dc3545,2026-10-01T16:49:38+00:00,300,approximate-nominal-axis
2026-10-01T15:30:00+00:00,2026-10-01T17:30:00+02:00,2026-10-01T17:35:00+02:00,up,#52d273,2026-10-01T16:49:38+00:00,300,approximate-nominal-axis
2026-10-01T15:35:00+00:00,2026-10-01T17:35:00+02:00,2026-10-01T17:40:00+02:00,up,#52d273,2026-10-01T16:49:38+00:00,300,approximate-nominal-axis
2026-10-01T15:40:00+00:00,2026-10-01T17:40:00+02:00,2026-10-01T17:45:00+02:00,down,#dc3545,2026-10-01T16:49:38+00:00,300,approximate-nominal-axis
2026-10-01T15:45:00+00:00,2026-10-01T17:45:00+02:00,2026-10-01T17:50:00+02:00,down,#dc3545,2026-10-01T16:49:38+00:00,300,approximate-nominal-axis
2026-10-01T15:50:00+00:00,2026-10-01T17:50:00+02:00,2026-10-01T17:55:00+02:00,down,#dc3545,2026-10-01T16:49:38+00:00,300,approximate-nominal-axis
2026-10-01T15:55:00+00:00,2026-10-01T17:55:00+02:00,2026-10-01T18:00:00+02:00,down,#dc3545,2026-10-01T16:49:38+00:00,300,approximate-nominal-axis
2026-10-01T16:00:00+00:00,2026-10-01T18:00:00+02:00,2026-10-01T18:05:00+02:00,up,#52d273,2026-10-01T16:49:38+00:00,300,approximate-nominal-axis
2026-10-01T16:05:00+00:00,2026-10-01T18:05:00+02:00,2026-10-01T18:10:00+02:00,up,#52d273,2026-10-01T16:49:38+00:00,300,approximate-nominal-axis
2026-10-01T16:10:00+00:00,2026-10-01T18:10:00+02:00,2026-10-01T18:15:00+02:00,up,#52d273,2026-10-01T16:49:38+00:00,300,approximate-nominal-axis
2026-10-01T16:15:00+00:00,2026-10-01T18:15:00+02:00,2026-10-01T18:20:00+02:00,up,#52d273,2026-10-01T16:49:38+00:00,300,approximate-nominal-axis
2026-10-01T16:20:00+00:00,2026-10-01T18:20:00+02:00,2026-10-01T18:25:00+02:00,up,#52d273,2026-10-01T16:49:38+00:00,300,approximate-nominal-axis
2026-10-01T16:25:00+00:00,2026-10-01T18:25:00+02:00,2026-10-01T18:30:00+02:00,up,#52d273,2026-10-01T16:49:38+00:00,300,approximate-nominal-axis
2026-10-01T16:30:00+00:00,2026-10-01T18:30:00+02:00,2026-10-01T18:35:00+02:00,up,#52d273,2026-10-01T16:49:38+00:00,300,approximate-nominal-axis
2026-10-01T16:35:00+00:00,2026-10-01T18:35:00+02:00,2026-10-01T18:40:00+02:00,up,#52d273,2026-10-01T16:49:38+00:00,300,approximate-nominal-axis
2026-10-01T16:40:00+00:00,2026-10-01T18:40:00+02:00,2026-10-01T18:45:00+02:00,up,#52d273,2026-10-01T16:49:38+00:00,300,approximate-nominal-axis
2026-10-01T17:55:00+00:00,2026-10-01T19:55:00+02:00,2026-10-01T20:00:00+02:00,up,#52d273,2026-10-01T21:59:55+00:00,300,approximate-nominal-axis
2026-10-01T18:00:00+00:00,2026-10-01T20:00:00+02:00,2026-10-01T20:05:00+02:00,up,#52d273,2026-10-01T21:59:55+00:00,300,approximate-nominal-axis
2026-10-01T18:05:00+00:00,2026-10-01T20:05:00+02:00,2026-10-01T20:10:00+02:00,up,#52d273,2026-10-01T21:59:55+00:00,300,approximate-nominal-axis
2026-10-01T18:10:00+00:00,2026-10-01T20:10:00+02:00,2026-10-01T20:15:00+02:00,up,#52d273,2026-10-01T21:59:55+00:00,300,approximate-nominal-axis
2026-10-01T18:15:00+00:00,2026-10-01T20:15:00+02:00,2026-10-01T20:20:00+02:00,up,#52d273,2026-10-01T21:59:55+00:00,300,approximate-nominal-axis
2026-10-01T18:20:00+00:00,2026-10-01T20:20:00+02:00,2026-10-01T20:25:00+02:00,up,#52d273,2026-10-01T21:59:55+00:00,300,approximate-nominal-axis
2026-10-01T18:25:00+00:00,2026-10-01T20:25:00+02:00,2026-10-01T20:30:00+02:00,up,#52d273,2026-10-01T21:59:55+00:00,300,approximate-nominal-axis
2026-10-01T18:30:00+00:00,2026-10-01T20:30:00+02:00,2026-10-01T20:35:00+02:00,up,#52d273,2026-10-01T21:59:55+00:00,300,approximate-nominal-axis
2026-10-01T18:35:00+00:00,2026-10-01T20:35:00+02:00,2026-10-01T20:40:00+02:00,up,#52d273,2026-10-01T21:59:55+00:00,300,approximate-nominal-axis
2026-10-01T18:40:00+00:00,2026-10-01T20:40:00+02:00,2026-10-01T20:45:00+02:00,up,#52d273,2026-10-01T21:59:55+00:00,300,approximate-nominal-axis
2026-10-01T18:45:00+00:00,2026-10-01T20:45:00+02:00,2026-10-01T20:50:00+02:00,up,#52d273,2026-10-01T21:59:55+00:00,300,approximate-nominal-axis
2026-10-01T18:50:00+00:00,2026-10-01T20:50:00+02:00,2026-10-01T20:55:00+02:00,up,#52d273,2026-10-01T21:59:55+00:00,300,approximate-nominal-axis
2026-10-01T18:55:00+00:00,2026-10-01T20:55:00+02:00,2026-10-01T21:00:00+02:00,up,#52d273,2026-10-01T21:59:55+00:00,300,approximate-nominal-axis
2026-10-01T19:00:00+00:00,2026-10-01T21:00:00+02:00,2026-10-01T21:05:00+02:00,up,#52d273,2026-10-01T21:59:55+00:00,300,approximate-nominal-axis
2026-10-01T19:05:00+00:00,2026-10-01T21:05:00+02:00,2026-10-01T21:10:00+02:00,up,#52d273,2026-10-01T21:59:55+00:00,300,approximate-nominal-axis
2026-10-01T19:10:00+00:00,2026-10-01T21:10:00+02:00,2026-10-01T21:15:00+02:00,up,#52d273,2026-10-01T21:59:55+00:00,300,approximate-nominal-axis
2026-10-01T19:15:00+00:00,2026-10-01T21:15:00+02:00,2026-10-01T21:20:00+02:00,up,#52d273,2026-10-01T21:59:55+00:00,300,approximate-nominal-axis
2026-10-01T19:20:00+00:00,2026-10-01T21:20:00+02:00,2026-10-01T21:25:00+02:00,up,#52d273,2026-10-01T21:59:55+00:00,300,approximate-nominal-axis
2026-10-01T19:25:00+00:00,2026-10-01T21:25:00+02:00,2026-10-01T21:30:00+02:00,up,#52d273,2026-10-01T21:59:55+00:00,300,approximate-nominal-axis
2026-10-01T19:30:00+00:00,2026-10-01T21:30:00+02:00,2026-10-01T21:35:00+02:00,up,#52d273,2026-10-01T21:59:55+00:00,300,approximate-nominal-axis
2026-10-01T19:35:00+00:00,2026-10-01T21:35:00+02:00,2026-10-01T21:40:00+02:00,up,#52d273,2026-10-01T21:59:55+00:00,300,approximate-nominal-axis
2026-10-01T19:40:00+00:00,2026-10-01T21:40:00+02:00,2026-10-01T21:45:00+02:00,up,#52d273,2026-10-01T21:59:55+00:00,300,approximate-nominal-axis
2026-10-01T19:45:00+00:00,2026-10-01T21:45:00+02:00,2026-10-01T21:50:00+02:00,up,#52d273,2026-10-01T21:59:55+00:00,300,approximate-nominal-axis
2026-10-01T19:50:00+00:00,2026-10-01T21:50:00+02:00,2026-10-01T21:55:00+02:00,up,#52d273,2026-10-01T21:59:55+00:00,300,approximate-nominal-axis
2026-10-01T19:55:00+00:00,2026-10-01T21:55:00+02:00,2026-10-01T22:00:00+02:00,up,#52d273,2026-10-01T21:59:55+00:00,300,approximate-nominal-axis
2026-10-01T20:00:00+00:00,2026-10-01T22:00:00+02:00,2026-10-01T22:05:00+02:00,up,#52d273,2026-10-01T21:59:55+00:00,300,approximate-nominal-axis
2026-10-01T20:05:00+00:00,2026-10-01T22:05:00+02:00,2026-10-01T22:10:00+02:00,up,#52d273,2026-10-01T21:59:55+00:00,300,approximate-nominal-axis
2026-10-01T20:10:00+00:00,2026-10-01T22:10:00+02:00,2026-10-01T22:15:00+02:00,up,#52d273,2026-10-01T21:59:55+00:00,300,approximate-nominal-axis
2026-10-01T20:15:00+00:00,2026-10-01T22:15:00+02:00,2026-10-01T22:20:00+02:00,up,#52d273,2026-10-01T21:59:55+00:00,300,approximate-nominal-axis
2026-10-01T20:20:00+00:00,2026-10-01T22:20:00+02:00,2026-10-01T22:25:00+02:00,up,#52d273,2026-10-01T21:59:55+00:00,300,approximate-nominal-axis
2026-10-01T20:25:00+00:00,2026-10-01T22:25:00+02:00,2026-10-01T22:30:00+02:00,up,#52d273,2026-10-01T21:59:55+00:00,300,approximate-nominal-axis
2026-10-01T20:30:00+00:00,2026-10-01T22:30:00+02:00,2026-10-01T22:35:00+02:00,up,#52d273,2026-10-01T21:59:55+00:00,300,approximate-nominal-axis
2026-10-01T20:35:00+00:00,2026-10-01T22:35:00+02:00,2026-10-01T22:40:00+02:00,up,#52d273,2026-10-01T21:59:55+00:00,300,approximate-nominal-axis
2026-10-01T20:40:00+00:00,2026-10-01T22:40:00+02:00,2026-10-01T22:45:00+02:00,up,#52d273,2026-10-01T21:59:55+00:00,300,approximate-nominal-axis
2026-10-01T20:45:00+00:00,2026-10-01T22:45:00+02:00,2026-10-01T22:50:00+02:00,up,#52d273,2026-10-01T21:59:55+00:00,300,approximate-nominal-axis
2026-10-01T20:50:00+00:00,2026-10-01T22:50:00+02:00,2026-10-01T22:55:00+02:00,up,#52d273,2026-10-02T00:50:03+00:00,300,approximate-nominal-axis
2026-10-01T20:55:00+00:00,2026-10-01T22:55:00+02:00,2026-10-01T23:00:00+02:00,up,#52d273,2026-10-02T00:50:03+00:00,300,approximate-nominal-axis
2026-10-01T21:00:00+00:00,2026-10-01T23:00:00+02:00,2026-10-01T23:05:00+02:00,up,#52d273,2026-10-02T00:50:03+00:00,300,approximate-nominal-axis
2026-10-01T21:05:00+00:00,2026-10-01T23:05:00+02:00,2026-10-01T23:10:00+02:00,up,#52d273,2026-10-02T00:50:03+00:00,300,approximate-nominal-axis
2026-10-01T21:10:00+00:00,2026-10-01T23:10:00+02:00,2026-10-01T23:15:00+02:00,up,#52d273,2026-10-02T00:50:03+00:00,300,approximate-nominal-axis
2026-10-01T21:15:00+00:00,2026-10-01T23:15:00+02:00,2026-10-01T23:20:00+02:00,up,#52d273,2026-10-02T00:50:03+00:00,300,approximate-nominal-axis
2026-10-01T21:20:00+00:00,2026-10-01T23:20:00+02:00,2026-10-01T23:25:00+02:00,up,#52d273,2026-10-02T00:50:03+00:00,300,approximate-nominal-axis
2026-10-01T21:25:00+00:00,2026-10-01T23:25:00+02:00,2026-10-01T23:30:00+02:00,up,#52d273,2026-10-02T00:50:03+00:00,300,approximate-nominal-axis
2026-10-01T21:30:00+00:00,2026-10-01T23:30:00+02:00,2026-10-01T23:35:00+02:00,up,#52d273,2026-10-02T00:50:03+00:00,300,approximate-nominal-axis
2026-10-01T21:35:00+00:00,2026-10-01T23:35:00+02:00,2026-10-01T23:40:00+02:00,up,#52d273,2026-10-02T00:50:03+00:00,300,approximate-nominal-axis
2026-10-01T21:40:00+00:00,2026-10-01T23:40:00+02:00,2026-10-01T23:45:00+02:00,up,#52d273,2026-10-02T00:50:03+00:00,300,approximate-nominal-axis
2026-10-01T21:45:00+00:00,2026-10-01T23:45:00+02:00,2026-10-01T23:50:00+02:00,up,#52d273,2026-10-02T00:50:03+00:00,300,approximate-nominal-axis
2026-10-01T21:50:00+00:00,2026-10-01T23:50:00+02:00,2026-10-01T23:55:00+02:00,up,#52d273,2026-10-02T00:50:03+00:00,300,approximate-nominal-axis
2026-10-01T21:55:00+00:00,2026-10-01T23:55:00+02:00,2026-10-02T00:00:00+02:00,up,#52d273,2026-10-02T00:50:03+00:00,300,approximate-nominal-axis
2026-10-01T22:00:00+00:00,2026-10-02T00:00:00+02:00,2026-10-02T00:05:00+02:00,up,#52d273,2026-10-02T00:50:03+00:00,300,approximate-nominal-axis
2026-10-01T22:05:00+00:00,2026-10-02T00:05:00+02:00,2026-10-02T00:10:00+02:00,up,#52d273,2026-10-02T00:50:03+00:00,300,approximate-nominal-axis
2026-10-01T22:10:00+00:00,2026-10-02T00:10:00+02:00,2026-10-02T00:15:00+02:00,up,#52d273,2026-10-02T00:50:03+00:00,300,approximate-nominal-axis
2026-10-01T22:15:00+00:00,2026-10-02T00:15:00+02:00,2026-10-02T00:20:00+02:00,up,#52d273,2026-10-02T00:50:03+00:00,300,approximate-nominal-axis
2026-10-01T22:20:00+00:00,2026-10-02T00:20:00+02:00,2026-10-02T00:25:00+02:00,up,#52d273,2026-10-02T00:50:03+00:00,300,approximate-nominal-axis
2026-10-01T22:25:00+00:00,2026-10-02T00:25:00+02:00,2026-10-02T00:30:00+02:00,up,#52d273,2026-10-02T00:50:03+00:00,300,approximate-nominal-axis
2026-10-01T22:30:00+00:00,2026-10-02T00:30:00+02:00,2026-10-02T00:35:00+02:00,up,#52d273,2026-10-02T00:50:03+00:00,300,approximate-nominal-axis
2026-10-01T22:35:00+00:00,2026-10-02T00:35:00+02:00,2026-10-02T00:40:00+02:00,up,#52d273,2026-10-02T00:50:03+00:00,300,approximate-nominal-axis
2026-10-01T22:40:00+00:00,2026-10-02T00:40:00+02:00,2026-10-02T00:45:00+02:00,up,#52d273,2026-10-02T00:50:03+00:00,300,approximate-nominal-axis
2026-10-01T22:45:00+00:00,2026-10-02T00:45:00+02:00,2026-10-02T00:50:00+02:00,up,#52d273,2026-10-02T00:50:03+00:00,300,approximate-nominal-axis
2026-10-01T22:50:00+00:00,2026-10-02T00:50:00+02:00,2026-10-02T00:55:00+02:00,up,#52d273,2026-10-02T00:50:03+00:00,300,approximate-nominal-axis
2026-10-01T22:55:00+00:00,2026-10-02T00:55:00+02:00,2026-10-02T01:00:00+02:00,up,#52d273,2026-10-02T00:50:03+00:00,300,approximate-nominal-axis
2026-10-01T23:00:00+00:00,2026-10-02T01:00:00+02:00,2026-10-02T01:05:00+02:00,up,#52d273,2026-10-02T00:50:03+00:00,300,approximate-nominal-axis
2026-10-01T23:05:00+00:00,2026-10-02T01:05:00+02:00,2026-10-02T01:10:00+02:00,up,#52d273,2026-10-02T00:50:03+00:00,300,approximate-nominal-axis
2026-10-01T23:10:00+00:00,2026-10-02T01:10:00+02:00,2026-10-02T01:15:00+02:00,up,#52d273,2026-10-02T00:50:03+00:00,300,approximate-nominal-axis
2026-10-01T23:15:00+00:00,2026-10-02T01:15:00+02:00,2026-10-02T01:20:00+02:00,up,#52d273,2026-10-02T00:50:03+00:00,300,approximate-nominal-axis
2026-10-01T23:20:00+00:00,2026-10-02T01:20:00+02:00,2026-10-02T01:25:00+02:00,up,#52d273,2026-10-02T00:50:03+00:00,300,approximate-nominal-axis
2026-10-01T23:25:00+00:00,2026-10-02T01:25:00+02:00,2026-10-02T01:30:00+02:00,up,#52d273,2026-10-02T00:50:03+00:00,300,approximate-nominal-axis
2026-10-01T23:30:00+00:00,2026-10-02T01:30:00+02:00,2026-10-02T01:35:00+02:00,up,#52d273,2026-10-02T00:50:03+00:00,300,approximate-nominal-axis
2026-10-01T23:35:00+00:00,2026-10-02T01:35:00+02:00,2026-10-02T01:40:00+02:00,up,#52d273,2026-10-02T00:50:03+00:00,300,approximate-nominal-axis
2026-10-01T23:40:00+00:00,2026-10-02T01:40:00+02:00,2026-10-02T01:45:00+02:00,up,#52d273,2026-10-02T00:50:03+00:00,300,approximate-nominal-axis
2026-10-01T23:45:00+00:00,2026-10-02T01:45:00+02:00,2026-10-02T01:50:00+02:00,up,#52d273,2026-10-02T00:50:03+00:00,300,approximate-nominal-axis
2026-10-01T23:50:00+00:00,2026-10-02T01:50:00+02:00,2026-10-02T01:55:00+02:00,up,#52d273,2026-10-02T00:50:03+00:00,300,approximate-nominal-axis
2026-10-01T23:55:00+00:00,2026-10-02T01:55:00+02:00,2026-10-02T02:00:00+02:00,up,#52d273,2026-10-02T00:50:03+00:00,300,approximate-nominal-axis
2026-10-02T00:00:00+00:00,2026-10-02T02:00:00+02:00,2026-10-02T02:05:00+02:00,up,#52d273,2026-10-02T00:50:03+00:00,300,approximate-nominal-axis
2026-10-02T00:05:00+00:00,2026-10-02T02:05:00+02:00,2026-10-02T02:10:00+02:00,up,#52d273,2026-10-02T00:50:03+00:00,300,approximate-nominal-axis
2026-10-02T00:10:00+00:00,2026-10-02T02:10:00+02:00,2026-10-02T02:15:00+02:00,up,#52d273,2026-10-02T00:50:03+00:00,300,approximate-nominal-axis
2026-10-02T00:15:00+00:00,2026-10-02T02:15:00+02:00,2026-10-02T02:20:00+02:00,up,#52d273,2026-10-02T00:50:03+00:00,300,approximate-nominal-axis
2026-10-02T00:20:00+00:00,2026-10-02T02:20:00+02:00,2026-10-02T02:25:00+02:00,up,#52d273,2026-10-02T00:50:03+00:00,300,approximate-nominal-axis
2026-10-02T00:25:00+00:00,2026-10-02T02:25:00+02:00,2026-10-02T02:30:00+02:00,up,#52d273,2026-10-02T00:50:03+00:00,300,approximate-nominal-axis
2026-10-02T00:30:00+00:00,2026-10-02T02:30:00+02:00,2026-10-02T02:35:00+02:00,up,#52d273,2026-10-02T00:50:03+00:00,300,approximate-nominal-axis
2026-10-02T00:35:00+00:00,2026-10-02T02:35:00+02:00,2026-10-02T02:40:00+02:00,up,#52d273,2026-10-02T00:50:03+00:00,300,approximate-nominal-axis
2026-10-02T00:40:00+00:00,2026-10-02T02:40:00+02:00,2026-10-02T02:45:00+02:00,up,#52d273,2026-10-02T00:50:03+00:00,300,approximate-nominal-axis
2026-10-02T00:45:00+00:00,2026-10-02T02:45:00+02:00,2026-10-02T02:50:00+02:00,up,#52d273,2026-10-02T00:50:03+00:00,300,approximate-nominal-axis
2026-10-02T15:50:00+00:00,2026-10-02T17:50:00+02:00,2026-10-02T17:55:00+02:00,up,#52d273,2026-10-02T19:50:36+00:00,300,approximate-nominal-axis
2026-10-02T15:55:00+00:00,2026-10-02T17:55:00+02:00,2026-10-02T18:00:00+02:00,up,#52d273,2026-10-02T19:50:36+00:00,300,approximate-nominal-axis
2026-10-02T16:00:00+00:00,2026-10-02T18:00:00+02:00,2026-10-02T18:05:00+02:00,up,#52d273,2026-10-02T19:50:36+00:00,300,approximate-nominal-axis
2026-10-02T16:05:00+00:00,2026-10-02T18:05:00+02:00,2026-10-02T18:10:00+02:00,up,#52d273,2026-10-02T19:50:36+00:00,300,approximate-nominal-axis
2026-10-02T16:10:00+00:00,2026-10-02T18:10:00+02:00,2026-10-02T18:15:00+02:00,up,#52d273,2026-10-02T19:50:36+00:00,300,approximate-nominal-axis
2026-10-02T16:15:00+00:00,2026-10-02T18:15:00+02:00,2026-10-02T18:20:00+02:00,up,#52d273,2026-10-02T19:50:36+00:00,300,approximate-nominal-axis
2026-10-02T16:20:00+00:00,2026-10-02T18:20:00+02:00,2026-10-02T18:25:00+02:00,up,#52d273,2026-10-02T19:50:36+00:00,300,approximate-nominal-axis
2026-10-02T16:25:00+00:00,2026-10-02T18:25:00+02:00,2026-10-02T18:30:00+02:00,up,#52d273,2026-10-02T19:50:36+00:00,300,approximate-nominal-axis
2026-10-02T16:30:00+00:00,2026-10-02T18:30:00+02:00,2026-10-02T18:35:00+02:00,up,#52d273,2026-10-02T19:50:36+00:00,300,approximate-nominal-axis
2026-10-02T16:35:00+00:00,2026-10-02T18:35:00+02:00,2026-10-02T18:40:00+02:00,up,#52d273,2026-10-02T19:50:36+00:00,300,approximate-nominal-axis
2026-10-02T16:40:00+00:00,2026-10-02T18:40:00+02:00,2026-10-02T18:45:00+02:00,up,#52d273,2026-10-02T19:50:36+00:00,300,approximate-nominal-axis
2026-10-02T16:45:00+00:00,2026-10-02T18:45:00+02:00,2026-10-02T18:50:00+02:00,up,#52d273,2026-10-02T19:50:36+00:00,300,approximate-nominal-axis
2026-10-02T16:50:00+00:00,2026-10-02T18:50:00+02:00,2026-10-02T18:55:00+02:00,up,#52d273,2026-10-02T19:50:36+00:00,300,approximate-nominal-axis
2026-10-02T16:55:00+00:00,2026-10-02T18:55:00+02:00,2026-10-02T19:00:00+02:00,up,#52d273,2026-10-02T19:50:36+00:00,300,approximate-nominal-axis
2026-10-02T17:00:00+00:00,2026-10-02T19:00:00+02:00,2026-10-02T19:05:00+02:00,up,#52d273,2026-10-02T19:50:36+00:00,300,approximate-nominal-axis
2026-10-02T17:05:00+00:00,2026-10-02T19:05:00+02:00,2026-10-02T19:10:00+02:00,up,#52d273,2026-10-02T19:50:36+00:00,300,approximate-nominal-axis
2026-10-02T17:10:00+00:00,2026-10-02T19:10:00+02:00,2026-10-02T19:15:00+02:00,up,#52d273,2026-10-02T19:50:36+00:00,300,approximate-nominal-axis
2026-10-02T17:15:00+00:00,2026-10-02T19:15:00+02:00,2026-10-02T19:20:00+02:00,up,#52d273,2026-10-02T19:50:36+00:00,300,approximate-nominal-axis
2026-10-02T17:20:00+00:00,2026-10-02T19:20:00+02:00,2026-10-02T19:25:00+02:00,up,#52d273,2026-10-02T19:50:36+00:00,300,approximate-nominal-axis
2026-10-02T17:25:00+00:00,2026-10-02T19:25:00+02:00,2026-10-02T19:30:00+02:00,up,#52d273,2026-10-02T19:50:36+00:00,300,approximate-nominal-axis
2026-10-02T17:30:00+00:00,2026-10-02T19:30:00+02:00,2026-10-02T19:35:00+02:00,up,#52d273,2026-10-02T19:50:36+00:00,300,approximate-nominal-axis
2026-10-02T17:35:00+00:00,2026-10-02T19:35:00+02:00,2026-10-02T19:40:00+02:00,up,#52d273,2026-10-02T19:50:36+00:00,300,approximate-nominal-axis
2026-10-02T17:40:00+00:00,2026-10-02T19:40:00+02:00,2026-10-02T19:45:00+02:00,up,#52d273,2026-10-02T19:50:36+00:00,300,approximate-nominal-axis
2026-10-02T17:45:00+00:00,2026-10-02T19:45:00+02:00,2026-10-02T19:50:00+02:00,up,#52d273,2026-10-02T19:50:36+00:00,300,approximate-nominal-axis
2026-10-02T17:50:00+00:00,2026-10-02T19:50:00+02:00,2026-10-02T19:55:00+02:00,up,#52d273,2026-10-02T19:50:36+00:00,300,approximate-nominal-axis
2026-10-02T17:55:00+00:00,2026-10-02T19:55:00+02:00,2026-10-02T20:00:00+02:00,up,#52d273,2026-10-02T19:50:36+00:00,300,approximate-nominal-axis
2026-10-02T18:00:00+00:00,2026-10-02T20:00:00+02:00,2026-10-02T20:05:00+02:00,up,#52d273,2026-10-02T19:50:36+00:00,300,approximate-nominal-axis
2026-10-02T18:05:00+00:00,2026-10-02T20:05:00+02:00,2026-10-02T20:10:00+02:00,up,#52d273,2026-10-02T19:50:36+00:00,300,approximate-nominal-axis
2026-10-02T18:10:00+00:00,2026-10-02T20:10:00+02:00,2026-10-02T20:15:00+02:00,up,#52d273,2026-10-02T19:50:36+00:00,300,approximate-nominal-axis
2026-10-02T18:15:00+00:00,2026-10-02T20:15:00+02:00,2026-10-02T20:20:00+02:00,up,#52d273,2026-10-02T19:50:36+00:00,300,approximate-nominal-axis
2026-10-02T18:20:00+00:00,2026-10-02T20:20:00+02:00,2026-10-02T20:25:00+02:00,up,#52d273,2026-10-02T19:50:36+00:00,300,approximate-nominal-axis
2026-10-02T18:25:00+00:00,2026-10-02T20:25:00+02:00,2026-10-02T20:30:00+02:00,up,#52d273,2026-10-02T19:50:36+00:00,300,approximate-nominal-axis
2026-10-02T18:30:00+00:00,2026-10-02T20:30:00+02:00,2026-10-02T20:35:00+02:00,up,#52d273,2026-10-02T19:50:36+00:00,300,approximate-nominal-axis
2026-10-02T18:35:00+00:00,2026-10-02T20:35:00+02:00,2026-10-02T20:40:00+02:00,up,#52d273,2026-10-02T19:50:36+00:00,300,approximate-nominal-axis
2026-10-02T18:40:00+00:00,2026-10-02T20:40:00+02:00,2026-10-02T20:45:00+02:00,up,#52d273,2026-10-02T19:50:36+00:00,300,approximate-nominal-axis
2026-10-02T18:45:00+00:00,2026-10-02T20:45:00+02:00,2026-10-02T20:50:00+02:00,up,#52d273,2026-10-02T19:50:36+00:00,300,approximate-nominal-axis
2026-10-02T18:50:00+00:00,2026-10-02T20:50:00+02:00,2026-10-02T20:55:00+02:00,up,#52d273,2026-10-02T19:50:36+00:00,300,approximate-nominal-axis
2026-10-02T18:55:00+00:00,2026-10-02T20:55:00+02:00,2026-10-02T21:00:00+02:00,up,#52d273,2026-10-02T19:50:36+00:00,300,approximate-nominal-axis
2026-10-02T19:00:00+00:00,2026-10-02T21:00:00+02:00,2026-10-02T21:05:00+02:00,up,#52d273,2026-10-02T19:50:36+00:00,300,approximate-nominal-axis
2026-10-02T19:05:00+00:00,2026-10-02T21:05:00+02:00,2026-10-02T21:10:00+02:00,up,#52d273,2026-10-02T19:50:36+00:00,300,approximate-nominal-axis
2026-10-02T19:10:00+00:00,2026-10-02T21:10:00+02:00,2026-10-02T21:15:00+02:00,up,#52d273,2026-10-02T19:50:36+00:00,300,approximate-nominal-axis
2026-10-02T19:15:00+00:00,2026-10-02T21:15:00+02:00,2026-10-02T21:20:00+02:00,up,#52d273,2026-10-02T19:50:36+00:00,300,approximate-nominal-axis
2026-10-02T19:20:00+00:00,2026-10-02T21:20:00+02:00,2026-10-02T21:25:00+02:00,up,#52d273,2026-10-02T19:50:36+00:00,300,approximate-nominal-axis
2026-10-02T19:25:00+00:00,2026-10-02T21:25:00+02:00,2026-10-02T21:30:00+02:00,up,#52d273,2026-10-02T19:50:36+00:00,300,approximate-nominal-axis
2026-10-02T19:30:00+00:00,2026-10-02T21:30:00+02:00,2026-10-02T21:35:00+02:00,up,#52d273,2026-10-02T19:50:36+00:00,300,approximate-nominal-axis
2026-10-02T19:35:00+00:00,2026-10-02T21:35:00+02:00,2026-10-02T21:40:00+02:00,up,#52d273,2026-10-02T19:50:36+00:00,300,approximate-nominal-axis
2026-10-02T19:40:00+00:00,2026-10-02T21:40:00+02:00,2026-10-02T21:45:00+02:00,up,#52d273,2026-10-02T19:50:36+00:00,300,approximate-nominal-axis
2026-10-02T19:45:00+00:00,2026-10-02T21:45:00+02:00,2026-10-02T21:50:00+02:00,up,#52d273,2026-10-02T19:50:36+00:00,300,approximate-nominal-axis
